 /****** Object:  Table [dbo].[aspnet_DistributorGrade]    Script Date: 09/15/2015 15:54:16 ******/
SET IDENTITY_INSERT [dbo].[aspnet_DistributorGrade] ON
INSERT [dbo].[aspnet_DistributorGrade] ([GradeId], [Name], [Description], [CommissionsLimit], [FirstCommissionRise], [SecondCommissionRise], [ThirdCommissionRise], [IsDefault], [Ico]) VALUES (7, N'初级', N'初级', 0.0000, CAST(0.00 AS Decimal(18, 2)), CAST(0.00 AS Decimal(18, 2)), CAST(0.00 AS Decimal(18, 2)), 1, N'')
SET IDENTITY_INSERT [dbo].[aspnet_DistributorGrade] OFF

/****** Object:  Table [dbo].[aspnet_MemberGrades]    Script Date: 09/15/2015 15:54:16 ******/
SET IDENTITY_INSERT [dbo].[aspnet_MemberGrades] ON
INSERT [dbo].[aspnet_MemberGrades] ([GradeId], [Name], [Description], [Points], [IsDefault], [Discount], [TranVol], [TranTimes]) VALUES (1, N'普通会员', N'普通会员', 0, 1, 100, CAST(0.00 AS Decimal(18, 2)), 0)
SET IDENTITY_INSERT [dbo].[aspnet_MemberGrades] OFF

/****** Object:  Table [dbo].[Hishop_UserGroupSet]    Script Date: 09/15/2015 15:54:16 ******/
INSERT [dbo].[Hishop_UserGroupSet] ([ActiveDay]) VALUES (180)

/****** Object:  Table [dbo].[Hishop_ExpressTemplates]    Script Date: 09/15/2015 15:54:16 ******/
SET IDENTITY_INSERT [dbo].[Hishop_ExpressTemplates] ON
INSERT [dbo].[Hishop_ExpressTemplates] ([ExpressId], [ExpressName], [XmlFile], [IsUse], [IsDefault]) VALUES (2, N'圆通速递', N'201046133312.xml', 0, 1)
INSERT [dbo].[Hishop_ExpressTemplates] ([ExpressId], [ExpressName], [XmlFile], [IsUse], [IsDefault]) VALUES (3, N'申通物流', N'20101117152320.xml', 1, 0)
INSERT [dbo].[Hishop_ExpressTemplates] ([ExpressId], [ExpressName], [XmlFile], [IsUse], [IsDefault]) VALUES (4, N'邮政平邮', N'20101117155058.xml', 0, 0)
INSERT [dbo].[Hishop_ExpressTemplates] ([ExpressId], [ExpressName], [XmlFile], [IsUse], [IsDefault]) VALUES (5, N'海航天天快递', N'20101117155351.xml', 0, 0)
INSERT [dbo].[Hishop_ExpressTemplates] ([ExpressId], [ExpressName], [XmlFile], [IsUse], [IsDefault]) VALUES (6, N'宅急送', N'20101117155840.xml', 0, 0)
INSERT [dbo].[Hishop_ExpressTemplates] ([ExpressId], [ExpressName], [XmlFile], [IsUse], [IsDefault]) VALUES (8, N'韵达快运', N'20101117161058.xml', 0, 0)
INSERT [dbo].[Hishop_ExpressTemplates] ([ExpressId], [ExpressName], [XmlFile], [IsUse], [IsDefault]) VALUES (9, N'EMS', N'20101117162921.xml', 0, 0)
INSERT [dbo].[Hishop_ExpressTemplates] ([ExpressId], [ExpressName], [XmlFile], [IsUse], [IsDefault]) VALUES (10, N'顺丰快递', N'20101117163245.xml', 0, 0)
INSERT [dbo].[Hishop_ExpressTemplates] ([ExpressId], [ExpressName], [XmlFile], [IsUse], [IsDefault]) VALUES (11, N'中通速递', N'20101117163638.xml', 0, 0)
INSERT [dbo].[Hishop_ExpressTemplates] ([ExpressId], [ExpressName], [XmlFile], [IsUse], [IsDefault]) VALUES (1012, N'顺丰快递', N'20159118240.xml', 0, 0)
INSERT [dbo].[Hishop_ExpressTemplates] ([ExpressId], [ExpressName], [XmlFile], [IsUse], [IsDefault]) VALUES (1013, N'EMS', N'201591182511.xml', 0, 0)
SET IDENTITY_INSERT [dbo].[Hishop_ExpressTemplates] OFF



/****** Object:  Table [dbo].[VShop_Region]    Script Date: 09/15/2015 15:54:16 ******/
INSERT [dbo].[VShop_Region] ([RegionId], [RegionName]) VALUES (100, N'浙江')
INSERT [dbo].[VShop_Region] ([RegionId], [RegionName]) VALUES (213, N'上海')
INSERT [dbo].[VShop_Region] ([RegionId], [RegionName]) VALUES (236, N'江苏')
INSERT [dbo].[VShop_Region] ([RegionId], [RegionName]) VALUES (374, N'安徽')
INSERT [dbo].[VShop_Region] ([RegionId], [RegionName]) VALUES (516, N'江西')
INSERT [dbo].[VShop_Region] ([RegionId], [RegionName]) VALUES (642, N'北京')
INSERT [dbo].[VShop_Region] ([RegionId], [RegionName]) VALUES (663, N'天津')
INSERT [dbo].[VShop_Region] ([RegionId], [RegionName]) VALUES (684, N'河北')
INSERT [dbo].[VShop_Region] ([RegionId], [RegionName]) VALUES (883, N'山西')
INSERT [dbo].[VShop_Region] ([RegionId], [RegionName]) VALUES (1026, N'内蒙古')
INSERT [dbo].[VShop_Region] ([RegionId], [RegionName]) VALUES (1152, N'山东')
INSERT [dbo].[VShop_Region] ([RegionId], [RegionName]) VALUES (1332, N'河南')
INSERT [dbo].[VShop_Region] ([RegionId], [RegionName]) VALUES (1529, N'湖北')
INSERT [dbo].[VShop_Region] ([RegionId], [RegionName]) VALUES (1662, N'湖南')
INSERT [dbo].[VShop_Region] ([RegionId], [RegionName]) VALUES (1813, N'海南')
INSERT [dbo].[VShop_Region] ([RegionId], [RegionName]) VALUES (1840, N'福建')
INSERT [dbo].[VShop_Region] ([RegionId], [RegionName]) VALUES (1944, N'广东')
INSERT [dbo].[VShop_Region] ([RegionId], [RegionName]) VALUES (2111, N'广西')
INSERT [dbo].[VShop_Region] ([RegionId], [RegionName]) VALUES (2249, N'辽宁')
INSERT [dbo].[VShop_Region] ([RegionId], [RegionName]) VALUES (2384, N'吉林')
INSERT [dbo].[VShop_Region] ([RegionId], [RegionName]) VALUES (2467, N'黑龙江')
INSERT [dbo].[VShop_Region] ([RegionId], [RegionName]) VALUES (2625, N'新疆')
INSERT [dbo].[VShop_Region] ([RegionId], [RegionName]) VALUES (2753, N'陕西')
INSERT [dbo].[VShop_Region] ([RegionId], [RegionName]) VALUES (2881, N'甘肃')
INSERT [dbo].[VShop_Region] ([RegionId], [RegionName]) VALUES (2995, N'青海')
INSERT [dbo].[VShop_Region] ([RegionId], [RegionName]) VALUES (3055, N'宁夏')
INSERT [dbo].[VShop_Region] ([RegionId], [RegionName]) VALUES (3087, N'重庆')
INSERT [dbo].[VShop_Region] ([RegionId], [RegionName]) VALUES (3130, N'四川')
INSERT [dbo].[VShop_Region] ([RegionId], [RegionName]) VALUES (3356, N'贵州')
INSERT [dbo].[VShop_Region] ([RegionId], [RegionName]) VALUES (3464, N'云南')
INSERT [dbo].[VShop_Region] ([RegionId], [RegionName]) VALUES (3626, N'西藏')
INSERT [dbo].[VShop_Region] ([RegionId], [RegionName]) VALUES (3714, N'台湾')
INSERT [dbo].[VShop_Region] ([RegionId], [RegionName]) VALUES (3795, N'香港')
INSERT [dbo].[VShop_Region] ([RegionId], [RegionName]) VALUES (3799, N'澳门')
INSERT [dbo].[VShop_Region] ([RegionId], [RegionName]) VALUES (3802, N'海外')
INSERT [dbo].[VShop_Region] ([RegionId], [RegionName]) VALUES (0, N'其它')


/****** Object:  Table [dbo].[Hishop_PhotoCategories]    Script Date: 09/15/2015 15:54:16 ******/
SET IDENTITY_INSERT [dbo].[Hishop_PhotoCategories] ON
INSERT [dbo].[Hishop_PhotoCategories] ([CategoryId], [CategoryName], [DisplaySequence],[TypeId]) VALUES (2, N'表情类图标', 2,1)
INSERT [dbo].[Hishop_PhotoCategories] ([CategoryId], [CategoryName], [DisplaySequence],[TypeId]) VALUES (5, N'常用', 3,1)
INSERT [dbo].[Hishop_PhotoCategories] ([CategoryId], [CategoryName], [DisplaySequence],[TypeId]) VALUES (8, N'导航类', 4,1)
INSERT [dbo].[Hishop_PhotoCategories] ([CategoryId], [CategoryName], [DisplaySequence],[TypeId]) VALUES (9, N'交通', 5,1)
INSERT [dbo].[Hishop_PhotoCategories] ([CategoryId], [CategoryName], [DisplaySequence],[TypeId]) VALUES (11, N'商品图标', 6,1)
INSERT [dbo].[Hishop_PhotoCategories] ([CategoryId], [CategoryName], [DisplaySequence],[TypeId]) VALUES (12, N'食物', 7,1)
INSERT [dbo].[Hishop_PhotoCategories] ([CategoryId], [CategoryName], [DisplaySequence],[TypeId]) VALUES (13, N'文字类图标', 8,1)
SET IDENTITY_INSERT [dbo].[Hishop_PhotoCategories] OFF


/****** Object:  Table [dbo].[Hishop_PhotoGallery]    Script Date: 09/15/2015 15:54:16 ******/
SET IDENTITY_INSERT [dbo].[Hishop_PhotoGallery] ON
INSERT [dbo].[Hishop_PhotoGallery] ([PhotoId], [CategoryId], [PhotoName], [PhotoPath], [FileSize], [UploadTime], [LastUpdateTime],[TypeId]) VALUES (3255, 2, N'iconfont-bishi.png', N'/Storage/template/20150826/6357619791707649912988000.png', 2009, CAST(0x0000A50000F6D013 AS DateTime), CAST(0x0000A50000F6D013 AS DateTime),1)
INSERT [dbo].[Hishop_PhotoGallery] ([PhotoId], [CategoryId], [PhotoName], [PhotoPath], [FileSize], [UploadTime], [LastUpdateTime],[TypeId]) VALUES (3256, 2, N'iconfont-bukaixin.png', N'/Storage/template/20150826/6357619791713950276501326.png', 3780, CAST(0x0000A50000F6D026 AS DateTime), CAST(0x0000A50000F6D026 AS DateTime),1)
INSERT [dbo].[Hishop_PhotoGallery] ([PhotoId], [CategoryId], [PhotoName], [PhotoPath], [FileSize], [UploadTime], [LastUpdateTime],[TypeId]) VALUES (3257, 2, N'iconfont-chijing.png', N'/Storage/template/20150826/6357619791720750655716479.png', 2522, CAST(0x0000A50000F6D03A AS DateTime), CAST(0x0000A50000F6D03A AS DateTime),1)
INSERT [dbo].[Hishop_PhotoGallery] ([PhotoId], [CategoryId], [PhotoName], [PhotoPath], [FileSize], [UploadTime], [LastUpdateTime],[TypeId]) VALUES (3258, 2, N'iconfont-dai.png', N'/Storage/template/20150826/6357619791729930921986467.png', 2223, CAST(0x0000A50000F6D056 AS DateTime), CAST(0x0000A50000F6D056 AS DateTime),1)
INSERT [dbo].[Hishop_PhotoGallery] ([PhotoId], [CategoryId], [PhotoName], [PhotoPath], [FileSize], [UploadTime], [LastUpdateTime],[TypeId]) VALUES (3259, 2, N'iconfont-ganga.png', N'/Storage/template/20150826/6357619791738931432958283.png', 1939, CAST(0x0000A50000F6D071 AS DateTime), CAST(0x0000A50000F6D071 AS DateTime),1)
INSERT [dbo].[Hishop_PhotoGallery] ([PhotoId], [CategoryId], [PhotoName], [PhotoPath], [FileSize], [UploadTime], [LastUpdateTime],[TypeId]) VALUES (3260, 2, N'iconfont-jingdai.png', N'/Storage/template/20150826/6357619791745631826471608.png', 2545, CAST(0x0000A50000F6D085 AS DateTime), CAST(0x0000A50000F6D085 AS DateTime),1)
INSERT [dbo].[Hishop_PhotoGallery] ([PhotoId], [CategoryId], [PhotoName], [PhotoPath], [FileSize], [UploadTime], [LastUpdateTime],[TypeId]) VALUES (3261, 2, N'iconfont-kaixin.png', N'/Storage/template/20150826/6357619791754132307443424.png', 3737, CAST(0x0000A50000F6D09E AS DateTime), CAST(0x0000A50000F6D09E AS DateTime),1)
INSERT [dbo].[Hishop_PhotoGallery] ([PhotoId], [CategoryId], [PhotoName], [PhotoPath], [FileSize], [UploadTime], [LastUpdateTime],[TypeId]) VALUES (3262, 2, N'iconfont-ma.png', N'/Storage/template/20150826/6357619791763512583713412.png', 2710, CAST(0x0000A50000F6D0BB AS DateTime), CAST(0x0000A50000F6D0BB AS DateTime),1)
INSERT [dbo].[Hishop_PhotoGallery] ([PhotoId], [CategoryId], [PhotoName], [PhotoPath], [FileSize], [UploadTime], [LastUpdateTime],[TypeId]) VALUES (3263, 2, N'iconfont-maimeng.png', N'/Storage/template/20150826/6357619791771913061455982.png', 2601, CAST(0x0000A50000F6D0D4 AS DateTime), CAST(0x0000A50000F6D0D4 AS DateTime),1)
INSERT [dbo].[Hishop_PhotoGallery] ([PhotoId], [CategoryId], [PhotoName], [PhotoPath], [FileSize], [UploadTime], [LastUpdateTime],[TypeId]) VALUES (3264, 2, N'iconfont-mogui.png', N'/Storage/template/20150826/6357619791779313498198553.png', 3166, CAST(0x0000A50000F6D0EA AS DateTime), CAST(0x0000A50000F6D0EA AS DateTime),1)
INSERT [dbo].[Hishop_PhotoGallery] ([PhotoId], [CategoryId], [PhotoName], [PhotoPath], [FileSize], [UploadTime], [LastUpdateTime],[TypeId]) VALUES (3265, 2, N'iconfont-nu.png', N'/Storage/template/20150826/6357619791791214171927031.png', 3154, CAST(0x0000A50000F6D10E AS DateTime), CAST(0x0000A50000F6D10E AS DateTime),1)
INSERT [dbo].[Hishop_PhotoGallery] ([PhotoId], [CategoryId], [PhotoName], [PhotoPath], [FileSize], [UploadTime], [LastUpdateTime],[TypeId]) VALUES (3266, 2, N'iconfont-qin.png', N'/Storage/template/20150826/6357619791797514531142185.png', 2469, CAST(0x0000A50000F6D121 AS DateTime), CAST(0x0000A50000F6D121 AS DateTime),1)
INSERT [dbo].[Hishop_PhotoGallery] ([PhotoId], [CategoryId], [PhotoName], [PhotoPath], [FileSize], [UploadTime], [LastUpdateTime],[TypeId]) VALUES (3267, 2, N'iconfont-shengqi.png', N'/Storage/template/20150826/6357619791803814894655510.png', 2860, CAST(0x0000A50000F6D133 AS DateTime), CAST(0x0000A50000F6D133 AS DateTime),1)
INSERT [dbo].[Hishop_PhotoGallery] ([PhotoId], [CategoryId], [PhotoName], [PhotoPath], [FileSize], [UploadTime], [LastUpdateTime],[TypeId]) VALUES (3268, 2, N'iconfont-shuaku.png', N'/Storage/template/20150826/6357619791811335142398080.png', 2748, CAST(0x0000A50000F6D14A AS DateTime), CAST(0x0000A50000F6D14A AS DateTime),1)
INSERT [dbo].[Hishop_PhotoGallery] ([PhotoId], [CategoryId], [PhotoName], [PhotoPath], [FileSize], [UploadTime], [LastUpdateTime],[TypeId]) VALUES (3269, 2, N'iconfont-weixiao.png', N'/Storage/template/20150826/6357619791815495304154743.png', 2669, CAST(0x0000A50000F6D156 AS DateTime), CAST(0x0000A50000F6D156 AS DateTime),1)
INSERT [dbo].[Hishop_PhotoGallery] ([PhotoId], [CategoryId], [PhotoName], [PhotoPath], [FileSize], [UploadTime], [LastUpdateTime],[TypeId]) VALUES (3270, 2, N'iconfont-yun.png', N'/Storage/template/20150826/6357619791820095569140651.png', 2768, CAST(0x0000A50000F6D164 AS DateTime), CAST(0x0000A50000F6D164 AS DateTime),1)
INSERT [dbo].[Hishop_PhotoGallery] ([PhotoId], [CategoryId], [PhotoName], [PhotoPath], [FileSize], [UploadTime], [LastUpdateTime],[TypeId]) VALUES (3271, 2, N'iconfont-zhayan.png', N'/Storage/template/20150826/6357619791823795775126559.png', 2513, CAST(0x0000A50000F6D16F AS DateTime), CAST(0x0000A50000F6D16F AS DateTime),1)
INSERT [dbo].[Hishop_PhotoGallery] ([PhotoId], [CategoryId], [PhotoName], [PhotoPath], [FileSize], [UploadTime], [LastUpdateTime],[TypeId]) VALUES (3272, 5, N'iconfont-31fenxiang.png', N'/Storage/template/20150826/6357619820384050124837700.png', 2269, CAST(0x0000A50000F82020 AS DateTime), CAST(0x0000A50000F82020 AS DateTime),1)
INSERT [dbo].[Hishop_PhotoGallery] ([PhotoId], [CategoryId], [PhotoName], [PhotoPath], [FileSize], [UploadTime], [LastUpdateTime],[TypeId]) VALUES (3273, 5, N'iconfont-31gouwuquan.png', N'/Storage/template/20150826/6357619820390850512580271.png', 20108, CAST(0x0000A50000F82035 AS DateTime), CAST(0x0000A50000F82035 AS DateTime),1)
INSERT [dbo].[Hishop_PhotoGallery] ([PhotoId], [CategoryId], [PhotoName], [PhotoPath], [FileSize], [UploadTime], [LastUpdateTime],[TypeId]) VALUES (3274, 5, N'iconfont-31huabei.png', N'/Storage/template/20150826/6357619820397630646093596.png', 57472, CAST(0x0000A50000F82049 AS DateTime), CAST(0x0000A50000F82049 AS DateTime),1)
INSERT [dbo].[Hishop_PhotoGallery] ([PhotoId], [CategoryId], [PhotoName], [PhotoPath], [FileSize], [UploadTime], [LastUpdateTime],[TypeId]) VALUES (3275, 5, N'iconfont-31pinpai.png', N'/Storage/template/20150826/6357619820405331083836167.png', 46733, CAST(0x0000A50000F82060 AS DateTime), CAST(0x0000A50000F82060 AS DateTime),1)
INSERT [dbo].[Hishop_PhotoGallery] ([PhotoId], [CategoryId], [PhotoName], [PhotoPath], [FileSize], [UploadTime], [LastUpdateTime],[TypeId]) VALUES (3276, 5, N'iconfont-31qichejinrong.png', N'/Storage/template/20150826/6357619820412031473051320.png', 1906, CAST(0x0000A50000F82074 AS DateTime), CAST(0x0000A50000F82074 AS DateTime),1)
INSERT [dbo].[Hishop_PhotoGallery] ([PhotoId], [CategoryId], [PhotoName], [PhotoPath], [FileSize], [UploadTime], [LastUpdateTime],[TypeId]) VALUES (3277, 5, N'iconfont-31shangsheng.png', N'/Storage/template/20150826/6357619820419551729793890.png', 1931, CAST(0x0000A50000F8208B AS DateTime), CAST(0x0000A50000F8208B AS DateTime),1)
INSERT [dbo].[Hishop_PhotoGallery] ([PhotoId], [CategoryId], [PhotoName], [PhotoPath], [FileSize], [UploadTime], [LastUpdateTime],[TypeId]) VALUES (3278, 5, N'iconfont-31tianmaojiadian.png', N'/Storage/template/20150826/6357619820429512216063878.png', 24587, CAST(0x0000A50000F820A9 AS DateTime), CAST(0x0000A50000F820A9 AS DateTime),1)
INSERT [dbo].[Hishop_PhotoGallery] ([PhotoId], [CategoryId], [PhotoName], [PhotoPath], [FileSize], [UploadTime], [LastUpdateTime],[TypeId]) VALUES (3279, 5, N'iconfont-31weizhangkuaicha.png', N'/Storage/template/20150826/6357619820438912747035694.png', 36036, CAST(0x0000A50000F820C5 AS DateTime), CAST(0x0000A50000F820C5 AS DateTime),1)
INSERT [dbo].[Hishop_PhotoGallery] ([PhotoId], [CategoryId], [PhotoName], [PhotoPath], [FileSize], [UploadTime], [LastUpdateTime],[TypeId]) VALUES (3280, 5, N'iconfont-31xiajiang.png', N'/Storage/template/20150826/6357619820449013326534927.png', 1923, CAST(0x0000A50000F820E3 AS DateTime), CAST(0x0000A50000F820E3 AS DateTime),1)
INSERT [dbo].[Hishop_PhotoGallery] ([PhotoId], [CategoryId], [PhotoName], [PhotoPath], [FileSize], [UploadTime], [LastUpdateTime],[TypeId]) VALUES (3281, 5, N'iconfont-38.png', N'/Storage/template/20150826/6357619820458813887506743.png', 1677, CAST(0x0000A50000F82101 AS DateTime), CAST(0x0000A50000F82101 AS DateTime),1)
INSERT [dbo].[Hishop_PhotoGallery] ([PhotoId], [CategoryId], [PhotoName], [PhotoPath], [FileSize], [UploadTime], [LastUpdateTime],[TypeId]) VALUES (3282, 5, N'iconfont-android.png', N'/Storage/template/20150826/6357619820462614103492651.png', 1692, CAST(0x0000A50000F8210C AS DateTime), CAST(0x0000A50000F8210C AS DateTime),1)
INSERT [dbo].[Hishop_PhotoGallery] ([PhotoId], [CategoryId], [PhotoName], [PhotoPath], [FileSize], [UploadTime], [LastUpdateTime],[TypeId]) VALUES (3283, 5, N'iconfont-anzhuoxiala.png', N'/Storage/template/20150826/6357619820471374511235222.png', 726, CAST(0x0000A50000F82126 AS DateTime), CAST(0x0000A50000F82126 AS DateTime),1)
INSERT [dbo].[Hishop_PhotoGallery] ([PhotoId], [CategoryId], [PhotoName], [PhotoPath], [FileSize], [UploadTime], [LastUpdateTime],[TypeId]) VALUES (3284, 5, N'iconfont-app.png', N'/Storage/template/20150826/6357619820479274977977792.png', 1512, CAST(0x0000A50000F8213E AS DateTime), CAST(0x0000A50000F8213E AS DateTime),1)
INSERT [dbo].[Hishop_PhotoGallery] ([PhotoId], [CategoryId], [PhotoName], [PhotoPath], [FileSize], [UploadTime], [LastUpdateTime],[TypeId]) VALUES (3285, 5, N'iconfont-apparel.png', N'/Storage/template/20150826/6357619820484275258261872.png', 36538, CAST(0x0000A50000F8214D AS DateTime), CAST(0x0000A50000F8214D AS DateTime),1)
INSERT [dbo].[Hishop_PhotoGallery] ([PhotoId], [CategoryId], [PhotoName], [PhotoPath], [FileSize], [UploadTime], [LastUpdateTime],[TypeId]) VALUES (3286, 5, N'iconfont-bangong.png', N'/Storage/template/20150826/6357619820486535295720363.png', 1915, CAST(0x0000A50000F82154 AS DateTime), CAST(0x0000A50000F82154 AS DateTime),1)
INSERT [dbo].[Hishop_PhotoGallery] ([PhotoId], [CategoryId], [PhotoName], [PhotoPath], [FileSize], [UploadTime], [LastUpdateTime],[TypeId]) VALUES (3287, 5, N'iconfont-bangzhu.png', N'/Storage/template/20150826/6357619820490895466004443.png', 3581, CAST(0x0000A50000F82161 AS DateTime), CAST(0x0000A50000F82161 AS DateTime),1)
INSERT [dbo].[Hishop_PhotoGallery] ([PhotoId], [CategoryId], [PhotoName], [PhotoPath], [FileSize], [UploadTime], [LastUpdateTime],[TypeId]) VALUES (3288, 5, N'iconfont-biaoqian.png', N'/Storage/template/20150826/6357619820495395711990351.png', 2013, CAST(0x0000A50000F8216E AS DateTime), CAST(0x0000A50000F8216E AS DateTime),1)
INSERT [dbo].[Hishop_PhotoGallery] ([PhotoId], [CategoryId], [PhotoName], [PhotoPath], [FileSize], [UploadTime], [LastUpdateTime],[TypeId]) VALUES (3289, 5, N'iconfont-brand.png', N'/Storage/template/20150826/6357619820505216102962167.png', 2935, CAST(0x0000A50000F8218C AS DateTime), CAST(0x0000A50000F8218C AS DateTime),1)
INSERT [dbo].[Hishop_PhotoGallery] ([PhotoId], [CategoryId], [PhotoName], [PhotoPath], [FileSize], [UploadTime], [LastUpdateTime],[TypeId]) VALUES (3290, 5, N'iconfont-browser.png', N'/Storage/template/20150826/6357619820513836429704737.png', 4810, CAST(0x0000A50000F821A6 AS DateTime), CAST(0x0000A50000F821A6 AS DateTime),1)
INSERT [dbo].[Hishop_PhotoGallery] ([PhotoId], [CategoryId], [PhotoName], [PhotoPath], [FileSize], [UploadTime], [LastUpdateTime],[TypeId]) VALUES (3291, 5, N'iconfont-caifua.png', N'/Storage/template/20150826/6357619820521016577447308.png', 3530, CAST(0x0000A50000F821BB AS DateTime), CAST(0x0000A50000F821BB AS DateTime),1)
INSERT [dbo].[Hishop_PhotoGallery] ([PhotoId], [CategoryId], [PhotoName], [PhotoPath], [FileSize], [UploadTime], [LastUpdateTime],[TypeId]) VALUES (3292, 5, N'iconfont-caifub.png', N'/Storage/template/20150826/6357619820527876881960633.png', 2663, CAST(0x0000A50000F821D0 AS DateTime), CAST(0x0000A50000F821D0 AS DateTime),1)
INSERT [dbo].[Hishop_PhotoGallery] ([PhotoId], [CategoryId], [PhotoName], [PhotoPath], [FileSize], [UploadTime], [LastUpdateTime],[TypeId]) VALUES (3293, 5, N'iconfont-caipiao.png', N'/Storage/template/20150826/6357619820531236996946541.png', 3676, CAST(0x0000A50000F821DA AS DateTime), CAST(0x0000A50000F821DA AS DateTime),1)
INSERT [dbo].[Hishop_PhotoGallery] ([PhotoId], [CategoryId], [PhotoName], [PhotoPath], [FileSize], [UploadTime], [LastUpdateTime],[TypeId]) VALUES (3294, 5, N'iconfont-chakan.png', N'/Storage/template/20150826/6357619820536257102932449.png', 3228, CAST(0x0000A50000F821E9 AS DateTime), CAST(0x0000A50000F821E9 AS DateTime),1)
INSERT [dbo].[Hishop_PhotoGallery] ([PhotoId], [CategoryId], [PhotoName], [PhotoPath], [FileSize], [UploadTime], [LastUpdateTime],[TypeId]) VALUES (3295, 5, N'iconfont-check.png', N'/Storage/template/20150826/6357619820540317254689111.png', 1815, CAST(0x0000A50000F821F5 AS DateTime), CAST(0x0000A50000F821F5 AS DateTime),1)
INSERT [dbo].[Hishop_PhotoGallery] ([PhotoId], [CategoryId], [PhotoName], [PhotoPath], [FileSize], [UploadTime], [LastUpdateTime],[TypeId]) VALUES (3296, 5, N'iconfont-chengshiyiqiatong.png', N'/Storage/template/20150826/6357619820544577409675019.png', 2143, CAST(0x0000A50000F82202 AS DateTime), CAST(0x0000A50000F82202 AS DateTime),1)
INSERT [dbo].[Hishop_PhotoGallery] ([PhotoId], [CategoryId], [PhotoName], [PhotoPath], [FileSize], [UploadTime], [LastUpdateTime],[TypeId]) VALUES (3297, 5, N'iconfont-chuzuche.png', N'/Storage/template/20150826/6357619820548437545660927.png', 2853, CAST(0x0000A50000F8220D AS DateTime), CAST(0x0000A50000F8220D AS DateTime),1)
INSERT [dbo].[Hishop_PhotoGallery] ([PhotoId], [CategoryId], [PhotoName], [PhotoPath], [FileSize], [UploadTime], [LastUpdateTime],[TypeId]) VALUES (3298, 5, N'iconfont-code.png', N'/Storage/template/20150826/6357619820555757789174253.png', 1511, CAST(0x0000A50000F82223 AS DateTime), CAST(0x0000A50000F82223 AS DateTime),1)
INSERT [dbo].[Hishop_PhotoGallery] ([PhotoId], [CategoryId], [PhotoName], [PhotoPath], [FileSize], [UploadTime], [LastUpdateTime],[TypeId]) VALUES (3299, 5, N'iconfont-compare.png', N'/Storage/template/20150826/6357619820561518033687578.png', 41034, CAST(0x0000A50000F82235 AS DateTime), CAST(0x0000A50000F82235 AS DateTime),1)
INSERT [dbo].[Hishop_PhotoGallery] ([PhotoId], [CategoryId], [PhotoName], [PhotoPath], [FileSize], [UploadTime], [LastUpdateTime],[TypeId]) VALUES (3300, 5, N'iconfont-countdown.png', N'/Storage/template/20150826/6357619820565518258673486.png', 2928, CAST(0x0000A50000F82241 AS DateTime), CAST(0x0000A50000F82241 AS DateTime),1)
INSERT [dbo].[Hishop_PhotoGallery] ([PhotoId], [CategoryId], [PhotoName], [PhotoPath], [FileSize], [UploadTime], [LastUpdateTime],[TypeId]) VALUES (3301, 5, N'iconfont-daifahuo.png', N'/Storage/template/20150826/6357619820569578401430148.png', 1388, CAST(0x0000A50000F8224D AS DateTime), CAST(0x0000A50000F8224D AS DateTime),1)
INSERT [dbo].[Hishop_PhotoGallery] ([PhotoId], [CategoryId], [PhotoName], [PhotoPath], [FileSize], [UploadTime], [LastUpdateTime],[TypeId]) VALUES (3302, 5, N'iconfont-daifukuan.png', N'/Storage/template/20150826/6357619820573238526416056.png', 1447, CAST(0x0000A50000F82258 AS DateTime), CAST(0x0000A50000F82258 AS DateTime),1)
INSERT [dbo].[Hishop_PhotoGallery] ([PhotoId], [CategoryId], [PhotoName], [PhotoPath], [FileSize], [UploadTime], [LastUpdateTime],[TypeId]) VALUES (3303, 5, N'iconfont-daipingjia.png', N'/Storage/template/20150826/6357619820577898702401964.png', 1296, CAST(0x0000A50000F82266 AS DateTime), CAST(0x0000A50000F82266 AS DateTime),1)
INSERT [dbo].[Hishop_PhotoGallery] ([PhotoId], [CategoryId], [PhotoName], [PhotoPath], [FileSize], [UploadTime], [LastUpdateTime],[TypeId]) VALUES (3304, 5, N'iconfont-daishouhuo.png', N'/Storage/template/20150826/6357619820582558884158627.png', 2037, CAST(0x0000A50000F82276 AS DateTime), CAST(0x0000A50000F82276 AS DateTime),1)
INSERT [dbo].[Hishop_PhotoGallery] ([PhotoId], [CategoryId], [PhotoName], [PhotoPath], [FileSize], [UploadTime], [LastUpdateTime],[TypeId]) VALUES (3305, 5, N'iconfont-datumoshi.png', N'/Storage/template/20150826/6357619820588859241901197.png', 2021, CAST(0x0000A50000F82287 AS DateTime), CAST(0x0000A50000F82287 AS DateTime),1)
INSERT [dbo].[Hishop_PhotoGallery] ([PhotoId], [CategoryId], [PhotoName], [PhotoPath], [FileSize], [UploadTime], [LastUpdateTime],[TypeId]) VALUES (3306, 5, N'iconfont-deliver.png', N'/Storage/template/20150826/6357619820596039401116351.png', 2317, CAST(0x0000A50000F8229C AS DateTime), CAST(0x0000A50000F8229C AS DateTime),1)
INSERT [dbo].[Hishop_PhotoGallery] ([PhotoId], [CategoryId], [PhotoName], [PhotoPath], [FileSize], [UploadTime], [LastUpdateTime],[TypeId]) VALUES (3307, 5, N'iconfont-dianhua.png', N'/Storage/template/20150826/6357619820605719696386339.png', 3349, CAST(0x0000A50000F822B9 AS DateTime), CAST(0x0000A50000F822B9 AS DateTime),1)
INSERT [dbo].[Hishop_PhotoGallery] ([PhotoId], [CategoryId], [PhotoName], [PhotoPath], [FileSize], [UploadTime], [LastUpdateTime],[TypeId]) VALUES (3308, 5, N'iconfont-dingwei.png', N'/Storage/template/20150826/6357619820611479935601492.png', 2975, CAST(0x0000A50000F822CA AS DateTime), CAST(0x0000A50000F822CA AS DateTime),1)
INSERT [dbo].[Hishop_PhotoGallery] ([PhotoId], [CategoryId], [PhotoName], [PhotoPath], [FileSize], [UploadTime], [LastUpdateTime],[TypeId]) VALUES (3309, 5, N'iconfont-dingyue.png', N'/Storage/template/20150826/6357619820615480165885572.png', 2541, CAST(0x0000A50000F822D6 AS DateTime), CAST(0x0000A50000F822D6 AS DateTime),1)
INSERT [dbo].[Hishop_PhotoGallery] ([PhotoId], [CategoryId], [PhotoName], [PhotoPath], [FileSize], [UploadTime], [LastUpdateTime],[TypeId]) VALUES (3310, 5, N'iconfont-display.png', N'/Storage/template/20150826/6357619820619540313344062.png', 3308, CAST(0x0000A50000F822E3 AS DateTime), CAST(0x0000A50000F822E3 AS DateTime),1)
INSERT [dbo].[Hishop_PhotoGallery] ([PhotoId], [CategoryId], [PhotoName], [PhotoPath], [FileSize], [UploadTime], [LastUpdateTime],[TypeId]) VALUES (3311, 5, N'iconfont-down.png', N'/Storage/template/20150826/6357619820623200433628142.png', 913, CAST(0x0000A50000F822EE AS DateTime), CAST(0x0000A50000F822EE AS DateTime),1)
INSERT [dbo].[Hishop_PhotoGallery] ([PhotoId], [CategoryId], [PhotoName], [PhotoPath], [FileSize], [UploadTime], [LastUpdateTime],[TypeId]) VALUES (3312, 5, N'iconfont-edit.png', N'/Storage/template/20150826/6357619820628160638614050.png', 2665, CAST(0x0000A50000F822FD AS DateTime), CAST(0x0000A50000F822FD AS DateTime),1)
INSERT [dbo].[Hishop_PhotoGallery] ([PhotoId], [CategoryId], [PhotoName], [PhotoPath], [FileSize], [UploadTime], [LastUpdateTime],[TypeId]) VALUES (3313, 5, N'iconfont-emoji.png', N'/Storage/template/20150826/6357619820632660884599958.png', 3734, CAST(0x0000A50000F8230A AS DateTime), CAST(0x0000A50000F8230A AS DateTime),1)
INSERT [dbo].[Hishop_PhotoGallery] ([PhotoId], [CategoryId], [PhotoName], [PhotoPath], [FileSize], [UploadTime], [LastUpdateTime],[TypeId]) VALUES (3314, 5, N'iconfont-erweima.png', N'/Storage/template/20150826/6357619820636521026356621.png', 2259, CAST(0x0000A50000F82316 AS DateTime), CAST(0x0000A50000F82316 AS DateTime),1)
INSERT [dbo].[Hishop_PhotoGallery] ([PhotoId], [CategoryId], [PhotoName], [PhotoPath], [FileSize], [UploadTime], [LastUpdateTime],[TypeId]) VALUES (3315, 5, N'iconfont-fandouer.png', N'/Storage/template/20150826/6357619820640321242342529.png', 1030, CAST(0x0000A50000F82321 AS DateTime), CAST(0x0000A50000F82321 AS DateTime),1)
INSERT [dbo].[Hishop_PhotoGallery] ([PhotoId], [CategoryId], [PhotoName], [PhotoPath], [FileSize], [UploadTime], [LastUpdateTime],[TypeId]) VALUES (3316, 5, N'iconfont-faner.png', N'/Storage/template/20150826/6357619820644581394099191.png', 1846, CAST(0x0000A50000F8232E AS DateTime), CAST(0x0000A50000F8232E AS DateTime),1)
INSERT [dbo].[Hishop_PhotoGallery] ([PhotoId], [CategoryId], [PhotoName], [PhotoPath], [FileSize], [UploadTime], [LastUpdateTime],[TypeId]) VALUES (3317, 5, N'iconfont-fangxiang1.png', N'/Storage/template/20150826/6357619820648241529085099.png', 2954, CAST(0x0000A50000F82339 AS DateTime), CAST(0x0000A50000F82339 AS DateTime),1)
INSERT [dbo].[Hishop_PhotoGallery] ([PhotoId], [CategoryId], [PhotoName], [PhotoPath], [FileSize], [UploadTime], [LastUpdateTime],[TypeId]) VALUES (3318, 5, N'iconfont-fangxiang2.png', N'/Storage/template/20150826/6357619820657661881056915.png', 2966, CAST(0x0000A50000F82355 AS DateTime), CAST(0x0000A50000F82355 AS DateTime),1)
INSERT [dbo].[Hishop_PhotoGallery] ([PhotoId], [CategoryId], [PhotoName], [PhotoPath], [FileSize], [UploadTime], [LastUpdateTime],[TypeId]) VALUES (3319, 5, N'iconfont-fangxiang3.png', N'/Storage/template/20150826/6357619820661322002813578.png', 2997, CAST(0x0000A50000F82360 AS DateTime), CAST(0x0000A50000F82360 AS DateTime),1)
INSERT [dbo].[Hishop_PhotoGallery] ([PhotoId], [CategoryId], [PhotoName], [PhotoPath], [FileSize], [UploadTime], [LastUpdateTime],[TypeId]) VALUES (3320, 5, N'iconfont-fangxiang4.png', N'/Storage/template/20150826/6357619820665182144570240.png', 2962, CAST(0x0000A50000F8236C AS DateTime), CAST(0x0000A50000F8236C AS DateTime),1)
INSERT [dbo].[Hishop_PhotoGallery] ([PhotoId], [CategoryId], [PhotoName], [PhotoPath], [FileSize], [UploadTime], [LastUpdateTime],[TypeId]) VALUES (3321, 5, N'iconfont-fanhui1.png', N'/Storage/template/20150826/6357619820669542309556148.png', 1769, CAST(0x0000A50000F82379 AS DateTime), CAST(0x0000A50000F82379 AS DateTime),1)
INSERT [dbo].[Hishop_PhotoGallery] ([PhotoId], [CategoryId], [PhotoName], [PhotoPath], [FileSize], [UploadTime], [LastUpdateTime],[TypeId]) VALUES (3322, 5, N'iconfont-fanhui2.png', N'/Storage/template/20150826/6357619820673902465542056.png', 1610, CAST(0x0000A50000F82386 AS DateTime), CAST(0x0000A50000F82386 AS DateTime),1)
INSERT [dbo].[Hishop_PhotoGallery] ([PhotoId], [CategoryId], [PhotoName], [PhotoPath], [FileSize], [UploadTime], [LastUpdateTime],[TypeId]) VALUES (3323, 5, N'iconfont-fanhui3.png', N'/Storage/template/20150826/6357619820677962615826136.png', 1696, CAST(0x0000A50000F82392 AS DateTime), CAST(0x0000A50000F82392 AS DateTime),1)
INSERT [dbo].[Hishop_PhotoGallery] ([PhotoId], [CategoryId], [PhotoName], [PhotoPath], [FileSize], [UploadTime], [LastUpdateTime],[TypeId]) VALUES (3324, 5, N'iconfont-fanhui4.png', N'/Storage/template/20150826/6357619820681522733284627.png', 1763, CAST(0x0000A50000F8239D AS DateTime), CAST(0x0000A50000F8239D AS DateTime),1)
INSERT [dbo].[Hishop_PhotoGallery] ([PhotoId], [CategoryId], [PhotoName], [PhotoPath], [FileSize], [UploadTime], [LastUpdateTime],[TypeId]) VALUES (3325, 5, N'iconfont-fanhui5.png', N'/Storage/template/20150826/6357619820688183026797952.png', 2333, CAST(0x0000A50000F823B1 AS DateTime), CAST(0x0000A50000F823B1 AS DateTime),1)
INSERT [dbo].[Hishop_PhotoGallery] ([PhotoId], [CategoryId], [PhotoName], [PhotoPath], [FileSize], [UploadTime], [LastUpdateTime],[TypeId]) VALUES (3326, 5, N'iconfont-fanhui6.png', N'/Storage/template/20150826/6357619820696083474540523.png', 2368, CAST(0x0000A50000F823C8 AS DateTime), CAST(0x0000A50000F823C8 AS DateTime),1)
INSERT [dbo].[Hishop_PhotoGallery] ([PhotoId], [CategoryId], [PhotoName], [PhotoPath], [FileSize], [UploadTime], [LastUpdateTime],[TypeId]) VALUES (3327, 5, N'iconfont-fanhui7.png', N'/Storage/template/20150826/6357619820718584766768234.png', 2341, CAST(0x0000A50000F8240C AS DateTime), CAST(0x0000A50000F8240C AS DateTime),1)
INSERT [dbo].[Hishop_PhotoGallery] ([PhotoId], [CategoryId], [PhotoName], [PhotoPath], [FileSize], [UploadTime], [LastUpdateTime],[TypeId]) VALUES (3328, 5, N'iconfont-fanhui8.png', N'/Storage/template/20150826/6357619820725185141281560.png', 2333, CAST(0x0000A50000F82420 AS DateTime), CAST(0x0000A50000F82420 AS DateTime),1)
INSERT [dbo].[Hishop_PhotoGallery] ([PhotoId], [CategoryId], [PhotoName], [PhotoPath], [FileSize], [UploadTime], [LastUpdateTime],[TypeId]) VALUES (3329, 5, N'iconfont-fanpaizhao.png', N'/Storage/template/20150826/6357619820734385662253375.png', 1669, CAST(0x0000A50000F8243B AS DateTime), CAST(0x0000A50000F8243B AS DateTime),1)
INSERT [dbo].[Hishop_PhotoGallery] ([PhotoId], [CategoryId], [PhotoName], [PhotoPath], [FileSize], [UploadTime], [LastUpdateTime],[TypeId]) VALUES (3330, 5, N'iconfont-fenlei.png', N'/Storage/template/20150826/6357619820742686148995946.png', 975, CAST(0x0000A50000F82454 AS DateTime), CAST(0x0000A50000F82454 AS DateTime),1)
INSERT [dbo].[Hishop_PhotoGallery] ([PhotoId], [CategoryId], [PhotoName], [PhotoPath], [FileSize], [UploadTime], [LastUpdateTime],[TypeId]) VALUES (3331, 5, N'iconfont-file.png', N'/Storage/template/20150826/6357619820751086629967762.png', 876, CAST(0x0000A50000F8246E AS DateTime), CAST(0x0000A50000F8246E AS DateTime),1)
INSERT [dbo].[Hishop_PhotoGallery] ([PhotoId], [CategoryId], [PhotoName], [PhotoPath], [FileSize], [UploadTime], [LastUpdateTime],[TypeId]) VALUES (3332, 5, N'iconfont-fill.png', N'/Storage/template/20150826/6357619820764687407994412.png', 2880, CAST(0x0000A50000F82496 AS DateTime), CAST(0x0000A50000F82496 AS DateTime),1)
INSERT [dbo].[Hishop_PhotoGallery] ([PhotoId], [CategoryId], [PhotoName], [PhotoPath], [FileSize], [UploadTime], [LastUpdateTime],[TypeId]) VALUES (3333, 5, N'iconfont-folderadd.png', N'/Storage/template/20150826/6357619820772487845736983.png', 1878, CAST(0x0000A50000F824AE AS DateTime), CAST(0x0000A50000F824AE AS DateTime),1)
INSERT [dbo].[Hishop_PhotoGallery] ([PhotoId], [CategoryId], [PhotoName], [PhotoPath], [FileSize], [UploadTime], [LastUpdateTime],[TypeId]) VALUES (3334, 5, N'iconfont-font.png', N'/Storage/template/20150826/6357619820781688376708799.png', 1127, CAST(0x0000A50000F824C9 AS DateTime), CAST(0x0000A50000F824C9 AS DateTime),1)
INSERT [dbo].[Hishop_PhotoGallery] ([PhotoId], [CategoryId], [PhotoName], [PhotoPath], [FileSize], [UploadTime], [LastUpdateTime],[TypeId]) VALUES (3335, 5, N'iconfont-fuwuchuanga.png', N'/Storage/template/20150826/6357619820788788784451369.png', 2867, CAST(0x0000A50000F824DE AS DateTime), CAST(0x0000A50000F824DE AS DateTime),1)
INSERT [dbo].[Hishop_PhotoGallery] ([PhotoId], [CategoryId], [PhotoName], [PhotoPath], [FileSize], [UploadTime], [LastUpdateTime],[TypeId]) VALUES (3336, 5, N'iconfont-fuwuchuangb.png', N'/Storage/template/20150826/6357619820797389272193940.png', 1694, CAST(0x0000A50000F824F8 AS DateTime), CAST(0x0000A50000F824F8 AS DateTime),1)
INSERT [dbo].[Hishop_PhotoGallery] ([PhotoId], [CategoryId], [PhotoName], [PhotoPath], [FileSize], [UploadTime], [LastUpdateTime],[TypeId]) VALUES (3337, 5, N'iconfont-gonggao.png', N'/Storage/template/20150826/6357619820809189944922418.png', 2672, CAST(0x0000A50000F8251C AS DateTime), CAST(0x0000A50000F8251C AS DateTime),1)
INSERT [dbo].[Hishop_PhotoGallery] ([PhotoId], [CategoryId], [PhotoName], [PhotoPath], [FileSize], [UploadTime], [LastUpdateTime],[TypeId]) VALUES (3338, 5, N'iconfont-gouwuche.png', N'/Storage/template/20150826/6357619820817790442664989.png', 1951, CAST(0x0000A50000F82535 AS DateTime), CAST(0x0000A50000F82535 AS DateTime),1)
INSERT [dbo].[Hishop_PhotoGallery] ([PhotoId], [CategoryId], [PhotoName], [PhotoPath], [FileSize], [UploadTime], [LastUpdateTime],[TypeId]) VALUES (3339, 5, N'iconfont-gouwuchexuanzhong.png', N'/Storage/template/20150826/6357619820826190927934977.png', 1518, CAST(0x0000A50000F8254F AS DateTime), CAST(0x0000A50000F8254F AS DateTime),1)
INSERT [dbo].[Hishop_PhotoGallery] ([PhotoId], [CategoryId], [PhotoName], [PhotoPath], [FileSize], [UploadTime], [LastUpdateTime],[TypeId]) VALUES (3340, 5, N'iconfont-guanwangtongjia.png', N'/Storage/template/20150826/6357619820833591347150130.png', 19837, CAST(0x0000A50000F82565 AS DateTime), CAST(0x0000A50000F82565 AS DateTime),1)
INSERT [dbo].[Hishop_PhotoGallery] ([PhotoId], [CategoryId], [PhotoName], [PhotoPath], [FileSize], [UploadTime], [LastUpdateTime],[TypeId]) VALUES (3341, 5, N'iconfont-guanyuwo.png', N'/Storage/template/20150826/6357619820840291724892701.png', 3742, CAST(0x0000A50000F82579 AS DateTime), CAST(0x0000A50000F82579 AS DateTime),1)
INSERT [dbo].[Hishop_PhotoGallery] ([PhotoId], [CategoryId], [PhotoName], [PhotoPath], [FileSize], [UploadTime], [LastUpdateTime],[TypeId]) VALUES (3342, 5, N'iconfont-guanzhu.png', N'/Storage/template/20150826/6357619820846492088406026.png', 4040, CAST(0x0000A50000F8258C AS DateTime), CAST(0x0000A50000F8258C AS DateTime),1)
INSERT [dbo].[Hishop_PhotoGallery] ([PhotoId], [CategoryId], [PhotoName], [PhotoPath], [FileSize], [UploadTime], [LastUpdateTime],[TypeId]) VALUES (3343, 5, N'iconfont-guanzhudianpu.png', N'/Storage/template/20150826/6357619820856492659377842.png', 2741, CAST(0x0000A50000F825A9 AS DateTime), CAST(0x0000A50000F825A9 AS DateTime),1)
INSERT [dbo].[Hishop_PhotoGallery] ([PhotoId], [CategoryId], [PhotoName], [PhotoPath], [FileSize], [UploadTime], [LastUpdateTime],[TypeId]) VALUES (3344, 5, N'iconfont-guanzhugengduocaozuo.png', N'/Storage/template/20150826/6357619820870293441633738.png', 1474, CAST(0x0000A50000F825D3 AS DateTime), CAST(0x0000A50000F825D3 AS DateTime),1)
INSERT [dbo].[Hishop_PhotoGallery] ([PhotoId], [CategoryId], [PhotoName], [PhotoPath], [FileSize], [UploadTime], [LastUpdateTime],[TypeId]) VALUES (3345, 5, N'iconfont-haodapai.png', N'/Storage/template/20150826/6357619820880894041132971.png', 49981, CAST(0x0000A50000F825F3 AS DateTime), CAST(0x0000A50000F825F3 AS DateTime),1)
INSERT [dbo].[Hishop_PhotoGallery] ([PhotoId], [CategoryId], [PhotoName], [PhotoPath], [FileSize], [UploadTime], [LastUpdateTime],[TypeId]) VALUES (3346, 5, N'iconfont-history.png', N'/Storage/template/20150826/6357619820888594497875541.png', 2824, CAST(0x0000A50000F8260A AS DateTime), CAST(0x0000A50000F8260A AS DateTime),1)
INSERT [dbo].[Hishop_PhotoGallery] ([PhotoId], [CategoryId], [PhotoName], [PhotoPath], [FileSize], [UploadTime], [LastUpdateTime],[TypeId]) VALUES (3347, 5, N'iconfont-hongbao.png', N'/Storage/template/20150826/6357619820896894965618112.png', 2232, CAST(0x0000A50000F82623 AS DateTime), CAST(0x0000A50000F82623 AS DateTime),1)
INSERT [dbo].[Hishop_PhotoGallery] ([PhotoId], [CategoryId], [PhotoName], [PhotoPath], [FileSize], [UploadTime], [LastUpdateTime],[TypeId]) VALUES (3348, 5, N'iconfont-huangguan.png', N'/Storage/template/20150826/6357619820908195619819173.png', 2167, CAST(0x0000A50000F82645 AS DateTime), CAST(0x0000A50000F82645 AS DateTime),1)
INSERT [dbo].[Hishop_PhotoGallery] ([PhotoId], [CategoryId], [PhotoName], [PhotoPath], [FileSize], [UploadTime], [LastUpdateTime],[TypeId]) VALUES (3349, 5, N'iconfont-huankuan.png', N'/Storage/template/20150826/6357619820914095944332498.png', 1261, CAST(0x0000A50000F82657 AS DateTime), CAST(0x0000A50000F82657 AS DateTime),1)
INSERT [dbo].[Hishop_PhotoGallery] ([PhotoId], [CategoryId], [PhotoName], [PhotoPath], [FileSize], [UploadTime], [LastUpdateTime],[TypeId]) VALUES (3350, 5, N'iconfont-huanqiushangou.png', N'/Storage/template/20150826/6357619820921396362075069.png', 51225, CAST(0x0000A50000F8266C AS DateTime), CAST(0x0000A50000F8266C AS DateTime),1)
INSERT [dbo].[Hishop_PhotoGallery] ([PhotoId], [CategoryId], [PhotoName], [PhotoPath], [FileSize], [UploadTime], [LastUpdateTime],[TypeId]) VALUES (3351, 5, N'iconfont-huidaodingbu.png', N'/Storage/template/20150826/6357619820931496943046885.png', 1141, CAST(0x0000A50000F8268A AS DateTime), CAST(0x0000A50000F8268A AS DateTime),1)
INSERT [dbo].[Hishop_PhotoGallery] ([PhotoId], [CategoryId], [PhotoName], [PhotoPath], [FileSize], [UploadTime], [LastUpdateTime],[TypeId]) VALUES (3352, 5, N'iconfont-iconfontfuwushichang.png', N'/Storage/template/20150826/6357619820938597359789455.png', 3840, CAST(0x0000A50000F826A0 AS DateTime), CAST(0x0000A50000F826A0 AS DateTime),1)
INSERT [dbo].[Hishop_PhotoGallery] ([PhotoId], [CategoryId], [PhotoName], [PhotoPath], [FileSize], [UploadTime], [LastUpdateTime],[TypeId]) VALUES (3353, 5, N'iconfont-iconfontshipin.png', N'/Storage/template/20150826/6357619820947797876059443.png', 3344, CAST(0x0000A50000F826BB AS DateTime), CAST(0x0000A50000F826BB AS DateTime),1)
INSERT [dbo].[Hishop_PhotoGallery] ([PhotoId], [CategoryId], [PhotoName], [PhotoPath], [FileSize], [UploadTime], [LastUpdateTime],[TypeId]) VALUES (3354, 5, N'iconfont-iconfontyejinkuangchan.png', N'/Storage/template/20150826/6357619820955698323802014.png', 2737, CAST(0x0000A50000F826D3 AS DateTime), CAST(0x0000A50000F826D3 AS DateTime),1)
GO
print 'Processed 100 total records'
INSERT [dbo].[Hishop_PhotoGallery] ([PhotoId], [CategoryId], [PhotoName], [PhotoPath], [FileSize], [UploadTime], [LastUpdateTime],[TypeId]) VALUES (3355, 5, N'iconfont-iconfontzhaomingdianzi.png', N'/Storage/template/20150826/6357619820964398821544584.png', 2884, CAST(0x0000A50000F826ED AS DateTime), CAST(0x0000A50000F826ED AS DateTime),1)
INSERT [dbo].[Hishop_PhotoGallery] ([PhotoId], [CategoryId], [PhotoName], [PhotoPath], [FileSize], [UploadTime], [LastUpdateTime],[TypeId]) VALUES (3356, 5, N'iconfont-information.png', N'/Storage/template/20150826/6357619820972699302516400.png', 2700, CAST(0x0000A50000F82706 AS DateTime), CAST(0x0000A50000F82706 AS DateTime),1)
INSERT [dbo].[Hishop_PhotoGallery] ([PhotoId], [CategoryId], [PhotoName], [PhotoPath], [FileSize], [UploadTime], [LastUpdateTime],[TypeId]) VALUES (3357, 5, N'iconfont-jiage.png', N'/Storage/template/20150826/6357619820982399857786388.png', 40904, CAST(0x0000A50000F82723 AS DateTime), CAST(0x0000A50000F82723 AS DateTime),1)
INSERT [dbo].[Hishop_PhotoGallery] ([PhotoId], [CategoryId], [PhotoName], [PhotoPath], [FileSize], [UploadTime], [LastUpdateTime],[TypeId]) VALUES (3358, 5, N'iconfont-jiancai.png', N'/Storage/template/20150826/6357619820992000408758204.png', 1005, CAST(0x0000A50000F82740 AS DateTime), CAST(0x0000A50000F82740 AS DateTime),1)
INSERT [dbo].[Hishop_PhotoGallery] ([PhotoId], [CategoryId], [PhotoName], [PhotoPath], [FileSize], [UploadTime], [LastUpdateTime],[TypeId]) VALUES (3359, 5, N'iconfont-jiaoyujiaofei.png', N'/Storage/template/20150826/6357619820999200816500775.png', 2088, CAST(0x0000A50000F82756 AS DateTime), CAST(0x0000A50000F82756 AS DateTime),1)
INSERT [dbo].[Hishop_PhotoGallery] ([PhotoId], [CategoryId], [PhotoName], [PhotoPath], [FileSize], [UploadTime], [LastUpdateTime],[TypeId]) VALUES (3360, 5, N'iconfont-jifen.png', N'/Storage/template/20150826/6357619821011601529229253.png', 1746, CAST(0x0000A50000F8277B AS DateTime), CAST(0x0000A50000F8277B AS DateTime),1)
INSERT [dbo].[Hishop_PhotoGallery] ([PhotoId], [CategoryId], [PhotoName], [PhotoPath], [FileSize], [UploadTime], [LastUpdateTime],[TypeId]) VALUES (3361, 5, N'iconfont-jinzhitishi.png', N'/Storage/template/20150826/6357619821016901825215161.png', 2884, CAST(0x0000A50000F8278B AS DateTime), CAST(0x0000A50000F8278B AS DateTime),1)
INSERT [dbo].[Hishop_PhotoGallery] ([PhotoId], [CategoryId], [PhotoName], [PhotoPath], [FileSize], [UploadTime], [LastUpdateTime],[TypeId]) VALUES (3362, 5, N'iconfont-jisutuikuan.png', N'/Storage/template/20150826/6357619821022402145499241.png', 3343, CAST(0x0000A50000F8279B AS DateTime), CAST(0x0000A50000F8279B AS DateTime),1)
INSERT [dbo].[Hishop_PhotoGallery] ([PhotoId], [CategoryId], [PhotoName], [PhotoPath], [FileSize], [UploadTime], [LastUpdateTime],[TypeId]) VALUES (3363, 5, N'iconfont-kefuyouxian.png', N'/Storage/template/20150826/6357619821031902689700302.png', 3414, CAST(0x0000A50000F827B8 AS DateTime), CAST(0x0000A50000F827B8 AS DateTime),1)
INSERT [dbo].[Hishop_PhotoGallery] ([PhotoId], [CategoryId], [PhotoName], [PhotoPath], [FileSize], [UploadTime], [LastUpdateTime],[TypeId]) VALUES (3364, 5, N'iconfont-laba.png', N'/Storage/template/20150826/6357619821037503009984382.png', 2626, CAST(0x0000A50000F827C9 AS DateTime), CAST(0x0000A50000F827C9 AS DateTime),1)
INSERT [dbo].[Hishop_PhotoGallery] ([PhotoId], [CategoryId], [PhotoName], [PhotoPath], [FileSize], [UploadTime], [LastUpdateTime],[TypeId]) VALUES (3365, 5, N'iconfont-lianjie.png', N'/Storage/template/20150826/6357619821045903481956198.png', 2468, CAST(0x0000A50000F827E2 AS DateTime), CAST(0x0000A50000F827E2 AS DateTime),1)
INSERT [dbo].[Hishop_PhotoGallery] ([PhotoId], [CategoryId], [PhotoName], [PhotoPath], [FileSize], [UploadTime], [LastUpdateTime],[TypeId]) VALUES (3366, 5, N'iconfont-licaishouyi.png', N'/Storage/template/20150826/6357619821054904008698768.png', 3288, CAST(0x0000A50000F827FD AS DateTime), CAST(0x0000A50000F827FD AS DateTime),1)
INSERT [dbo].[Hishop_PhotoGallery] ([PhotoId], [CategoryId], [PhotoName], [PhotoPath], [FileSize], [UploadTime], [LastUpdateTime],[TypeId]) VALUES (3367, 5, N'iconfont-liebiaomoshi2.png', N'/Storage/template/20150826/6357619821068504789954664.png', 1791, CAST(0x0000A50000F82826 AS DateTime), CAST(0x0000A50000F82826 AS DateTime),1)
INSERT [dbo].[Hishop_PhotoGallery] ([PhotoId], [CategoryId], [PhotoName], [PhotoPath], [FileSize], [UploadTime], [LastUpdateTime],[TypeId]) VALUES (3368, 5, N'iconfont-lightfill.png', N'/Storage/template/20150826/6357619821075705197697235.png', 1125, CAST(0x0000A50000F8283B AS DateTime), CAST(0x0000A50000F8283B AS DateTime),1)
INSERT [dbo].[Hishop_PhotoGallery] ([PhotoId], [CategoryId], [PhotoName], [PhotoPath], [FileSize], [UploadTime], [LastUpdateTime],[TypeId]) VALUES (3369, 5, N'iconfont-lightforbid.png', N'/Storage/template/20150826/6357619821083205626912388.png', 2003, CAST(0x0000A50000F82852 AS DateTime), CAST(0x0000A50000F82852 AS DateTime),1)
INSERT [dbo].[Hishop_PhotoGallery] ([PhotoId], [CategoryId], [PhotoName], [PhotoPath], [FileSize], [UploadTime], [LastUpdateTime],[TypeId]) VALUES (3370, 5, N'iconfont-link.png', N'/Storage/template/20150826/6357619821088205901425713.png', 3562, CAST(0x0000A50000F82861 AS DateTime), CAST(0x0000A50000F82861 AS DateTime),1)
INSERT [dbo].[Hishop_PhotoGallery] ([PhotoId], [CategoryId], [PhotoName], [PhotoPath], [FileSize], [UploadTime], [LastUpdateTime],[TypeId]) VALUES (3371, 5, N'iconfont-liwu.png', N'/Storage/template/20150826/6357619821095106309640866.png', 2291, CAST(0x0000A50000F82876 AS DateTime), CAST(0x0000A50000F82876 AS DateTime),1)
INSERT [dbo].[Hishop_PhotoGallery] ([PhotoId], [CategoryId], [PhotoName], [PhotoPath], [FileSize], [UploadTime], [LastUpdateTime],[TypeId]) VALUES (3372, 5, N'iconfont-loading.png', N'/Storage/template/20150826/6357619821108407061896762.png', 2676, CAST(0x0000A50000F8289D AS DateTime), CAST(0x0000A50000F8289D AS DateTime),1)
INSERT [dbo].[Hishop_PhotoGallery] ([PhotoId], [CategoryId], [PhotoName], [PhotoPath], [FileSize], [UploadTime], [LastUpdateTime],[TypeId]) VALUES (3373, 5, N'iconfont-man.png', N'/Storage/template/20150826/6357619821116707538639333.png', 2183, CAST(0x0000A50000F828B6 AS DateTime), CAST(0x0000A50000F828B6 AS DateTime),1)
INSERT [dbo].[Hishop_PhotoGallery] ([PhotoId], [CategoryId], [PhotoName], [PhotoPath], [FileSize], [UploadTime], [LastUpdateTime],[TypeId]) VALUES (3374, 5, N'iconfont-man88yuanbaoyou.png', N'/Storage/template/20150826/6357619821126308089611149.png', 4191, CAST(0x0000A50000F828D3 AS DateTime), CAST(0x0000A50000F828D3 AS DateTime),1)
INSERT [dbo].[Hishop_PhotoGallery] ([PhotoId], [CategoryId], [PhotoName], [PhotoPath], [FileSize], [UploadTime], [LastUpdateTime],[TypeId]) VALUES (3375, 5, N'iconfont-mark.png', N'/Storage/template/20150826/6357619821135508615881137.png', 1662, CAST(0x0000A50000F828EF AS DateTime), CAST(0x0000A50000F828EF AS DateTime),1)
INSERT [dbo].[Hishop_PhotoGallery] ([PhotoId], [CategoryId], [PhotoName], [PhotoPath], [FileSize], [UploadTime], [LastUpdateTime],[TypeId]) VALUES (3376, 5, N'iconfont-music.png', N'/Storage/template/20150826/6357619821141808975096290.png', 1938, CAST(0x0000A50000F82901 AS DateTime), CAST(0x0000A50000F82901 AS DateTime),1)
INSERT [dbo].[Hishop_PhotoGallery] ([PhotoId], [CategoryId], [PhotoName], [PhotoPath], [FileSize], [UploadTime], [LastUpdateTime],[TypeId]) VALUES (3377, 5, N'iconfont-natice.png', N'/Storage/template/20150826/6357619821146509245380370.png', 1851, CAST(0x0000A50000F82910 AS DateTime), CAST(0x0000A50000F82910 AS DateTime),1)
INSERT [dbo].[Hishop_PhotoGallery] ([PhotoId], [CategoryId], [PhotoName], [PhotoPath], [FileSize], [UploadTime], [LastUpdateTime],[TypeId]) VALUES (3378, 5, N'iconfont-navlist.png', N'/Storage/template/20150826/6357619821154009673122940.png', 16006, CAST(0x0000A50000F82926 AS DateTime), CAST(0x0000A50000F82926 AS DateTime),1)
INSERT [dbo].[Hishop_PhotoGallery] ([PhotoId], [CategoryId], [PhotoName], [PhotoPath], [FileSize], [UploadTime], [LastUpdateTime],[TypeId]) VALUES (3379, 5, N'iconfont-order.png', N'/Storage/template/20150826/6357619821165210317324002.png', 971, CAST(0x0000A50000F82948 AS DateTime), CAST(0x0000A50000F82948 AS DateTime),1)
INSERT [dbo].[Hishop_PhotoGallery] ([PhotoId], [CategoryId], [PhotoName], [PhotoPath], [FileSize], [UploadTime], [LastUpdateTime],[TypeId]) VALUES (3380, 5, N'iconfont-paishexuanzhong.png', N'/Storage/template/20150826/6357619821174310833593990.png', 1885, CAST(0x0000A50000F82963 AS DateTime), CAST(0x0000A50000F82963 AS DateTime),1)
INSERT [dbo].[Hishop_PhotoGallery] ([PhotoId], [CategoryId], [PhotoName], [PhotoPath], [FileSize], [UploadTime], [LastUpdateTime],[TypeId]) VALUES (3381, 5, N'iconfont-paixing.png', N'/Storage/template/20150826/6357619821180211162809143.png', 760, CAST(0x0000A50000F82975 AS DateTime), CAST(0x0000A50000F82975 AS DateTime),1)
INSERT [dbo].[Hishop_PhotoGallery] ([PhotoId], [CategoryId], [PhotoName], [PhotoPath], [FileSize], [UploadTime], [LastUpdateTime],[TypeId]) VALUES (3382, 5, N'iconfont-person2.png', N'/Storage/template/20150826/6357619821188711659551713.png', 2411, CAST(0x0000A50000F8298E AS DateTime), CAST(0x0000A50000F8298E AS DateTime),1)
INSERT [dbo].[Hishop_PhotoGallery] ([PhotoId], [CategoryId], [PhotoName], [PhotoPath], [FileSize], [UploadTime], [LastUpdateTime],[TypeId]) VALUES (3383, 5, N'iconfont-phone.png', N'/Storage/template/20150826/6357619821196512107294284.png', 900, CAST(0x0000A50000F829A6 AS DateTime), CAST(0x0000A50000F829A6 AS DateTime),1)
INSERT [dbo].[Hishop_PhotoGallery] ([PhotoId], [CategoryId], [PhotoName], [PhotoPath], [FileSize], [UploadTime], [LastUpdateTime],[TypeId]) VALUES (3384, 5, N'iconfont-pic.png', N'/Storage/template/20150826/6357619821205112593564272.png', 2244, CAST(0x0000A50000F829BF AS DateTime), CAST(0x0000A50000F829BF AS DateTime),1)
INSERT [dbo].[Hishop_PhotoGallery] ([PhotoId], [CategoryId], [PhotoName], [PhotoPath], [FileSize], [UploadTime], [LastUpdateTime],[TypeId]) VALUES (3385, 5, N'iconfont-pin.png', N'/Storage/template/20150826/6357619821215513184536088.png', 43811, CAST(0x0000A50000F829DF AS DateTime), CAST(0x0000A50000F829DF AS DateTime),1)
INSERT [dbo].[Hishop_PhotoGallery] ([PhotoId], [CategoryId], [PhotoName], [PhotoPath], [FileSize], [UploadTime], [LastUpdateTime],[TypeId]) VALUES (3386, 5, N'iconfont-pinglun.png', N'/Storage/template/20150826/6357619821222913612278658.png', 1634, CAST(0x0000A50000F829F5 AS DateTime), CAST(0x0000A50000F829F5 AS DateTime),1)
INSERT [dbo].[Hishop_PhotoGallery] ([PhotoId], [CategoryId], [PhotoName], [PhotoPath], [FileSize], [UploadTime], [LastUpdateTime],[TypeId]) VALUES (3387, 5, N'iconfont-pinpaizhuanxiang.png', N'/Storage/template/20150826/6357619821229513985791983.png', 3828, CAST(0x0000A50000F82A09 AS DateTime), CAST(0x0000A50000F82A09 AS DateTime),1)
INSERT [dbo].[Hishop_PhotoGallery] ([PhotoId], [CategoryId], [PhotoName], [PhotoPath], [FileSize], [UploadTime], [LastUpdateTime],[TypeId]) VALUES (3388, 5, N'iconfont-productfeatures.png', N'/Storage/template/20150826/6357619821238214486763799.png', 43182, CAST(0x0000A50000F82A23 AS DateTime), CAST(0x0000A50000F82A23 AS DateTime),1)
INSERT [dbo].[Hishop_PhotoGallery] ([PhotoId], [CategoryId], [PhotoName], [PhotoPath], [FileSize], [UploadTime], [LastUpdateTime],[TypeId]) VALUES (3389, 5, N'iconfont-qianniu.png', N'/Storage/template/20150826/6357619821245714914506370.png', 2673, CAST(0x0000A50000F82A39 AS DateTime), CAST(0x0000A50000F82A39 AS DateTime),1)
INSERT [dbo].[Hishop_PhotoGallery] ([PhotoId], [CategoryId], [PhotoName], [PhotoPath], [FileSize], [UploadTime], [LastUpdateTime],[TypeId]) VALUES (3390, 5, N'iconfont-qingdan.png', N'/Storage/template/20150826/6357619821249415126263032.png', 1552, CAST(0x0000A50000F82A44 AS DateTime), CAST(0x0000A50000F82A44 AS DateTime),1)
INSERT [dbo].[Hishop_PhotoGallery] ([PhotoId], [CategoryId], [PhotoName], [PhotoPath], [FileSize], [UploadTime], [LastUpdateTime],[TypeId]) VALUES (3391, 5, N'iconfont-qintao.png', N'/Storage/template/20150826/6357619821255915499776358.png', 2553, CAST(0x0000A50000F82A58 AS DateTime), CAST(0x0000A50000F82A58 AS DateTime),1)
INSERT [dbo].[Hishop_PhotoGallery] ([PhotoId], [CategoryId], [PhotoName], [PhotoPath], [FileSize], [UploadTime], [LastUpdateTime],[TypeId]) VALUES (3392, 5, N'iconfont-quanbudingdan.png', N'/Storage/template/20150826/6357619821265116021748174.png', 2108, CAST(0x0000A50000F82A74 AS DateTime), CAST(0x0000A50000F82A74 AS DateTime),1)
INSERT [dbo].[Hishop_PhotoGallery] ([PhotoId], [CategoryId], [PhotoName], [PhotoPath], [FileSize], [UploadTime], [LastUpdateTime],[TypeId]) VALUES (3393, 5, N'iconfont-quanbushangpin.png', N'/Storage/template/20150826/6357619821277716744476652.png', 1474, CAST(0x0000A50000F82A99 AS DateTime), CAST(0x0000A50000F82A99 AS DateTime),1)
INSERT [dbo].[Hishop_PhotoGallery] ([PhotoId], [CategoryId], [PhotoName], [PhotoPath], [FileSize], [UploadTime], [LastUpdateTime],[TypeId]) VALUES (3394, 5, N'iconfont-radioboxfill.png', N'/Storage/template/20150826/6357619821282717039462560.png', 1888, CAST(0x0000A50000F82AA8 AS DateTime), CAST(0x0000A50000F82AA8 AS DateTime),1)
INSERT [dbo].[Hishop_PhotoGallery] ([PhotoId], [CategoryId], [PhotoName], [PhotoPath], [FileSize], [UploadTime], [LastUpdateTime],[TypeId]) VALUES (3395, 5, N'iconfont-remind.png', N'/Storage/template/20150826/6357619821288517363975885.png', 32144, CAST(0x0000A50000F82ABA AS DateTime), CAST(0x0000A50000F82ABA AS DateTime),1)
INSERT [dbo].[Hishop_PhotoGallery] ([PhotoId], [CategoryId], [PhotoName], [PhotoPath], [FileSize], [UploadTime], [LastUpdateTime],[TypeId]) VALUES (3396, 5, N'iconfont-rili.png', N'/Storage/template/20150826/6357619821300018023475118.png', 1789, CAST(0x0000A50000F82ADC AS DateTime), CAST(0x0000A50000F82ADC AS DateTime),1)
INSERT [dbo].[Hishop_PhotoGallery] ([PhotoId], [CategoryId], [PhotoName], [PhotoPath], [FileSize], [UploadTime], [LastUpdateTime],[TypeId]) VALUES (3397, 5, N'iconfont-rotate.png', N'/Storage/template/20150826/6357619821312518736203597.png', 2526, CAST(0x0000A50000F82B02 AS DateTime), CAST(0x0000A50000F82B02 AS DateTime),1)
INSERT [dbo].[Hishop_PhotoGallery] ([PhotoId], [CategoryId], [PhotoName], [PhotoPath], [FileSize], [UploadTime], [LastUpdateTime],[TypeId]) VALUES (3398, 5, N'iconfont-sanjiao1.png', N'/Storage/template/20150826/6357619821321119227175413.png', 1250, CAST(0x0000A50000F82B1B AS DateTime), CAST(0x0000A50000F82B1B AS DateTime),1)
INSERT [dbo].[Hishop_PhotoGallery] ([PhotoId], [CategoryId], [PhotoName], [PhotoPath], [FileSize], [UploadTime], [LastUpdateTime],[TypeId]) VALUES (3399, 5, N'iconfont-sanjiao2.png', N'/Storage/template/20150826/6357619821330519763445401.png', 1243, CAST(0x0000A50000F82B38 AS DateTime), CAST(0x0000A50000F82B38 AS DateTime),1)
INSERT [dbo].[Hishop_PhotoGallery] ([PhotoId], [CategoryId], [PhotoName], [PhotoPath], [FileSize], [UploadTime], [LastUpdateTime],[TypeId]) VALUES (3400, 5, N'iconfont-sanjiao3.png', N'/Storage/template/20150826/6357619821337620171187971.png', 1221, CAST(0x0000A50000F82B4D AS DateTime), CAST(0x0000A50000F82B4D AS DateTime),1)
INSERT [dbo].[Hishop_PhotoGallery] ([PhotoId], [CategoryId], [PhotoName], [PhotoPath], [FileSize], [UploadTime], [LastUpdateTime],[TypeId]) VALUES (3401, 5, N'iconfont-sanjiao4.png', N'/Storage/template/20150826/6357619821347720752159787.png', 1264, CAST(0x0000A50000F82B6B AS DateTime), CAST(0x0000A50000F82B6B AS DateTime),1)
INSERT [dbo].[Hishop_PhotoGallery] ([PhotoId], [CategoryId], [PhotoName], [PhotoPath], [FileSize], [UploadTime], [LastUpdateTime],[TypeId]) VALUES (3402, 5, N'iconfont-search.png', N'/Storage/template/20150826/6357619821355721208902358.png', 2403, CAST(0x0000A50000F82B83 AS DateTime), CAST(0x0000A50000F82B83 AS DateTime),1)
INSERT [dbo].[Hishop_PhotoGallery] ([PhotoId], [CategoryId], [PhotoName], [PhotoPath], [FileSize], [UploadTime], [LastUpdateTime],[TypeId]) VALUES (3403, 5, N'iconfont-selection.png', N'/Storage/template/20150826/6357619821366321818401591.png', 4099, CAST(0x0000A50000F82BA3 AS DateTime), CAST(0x0000A50000F82BA3 AS DateTime),1)
INSERT [dbo].[Hishop_PhotoGallery] ([PhotoId], [CategoryId], [PhotoName], [PhotoPath], [FileSize], [UploadTime], [LastUpdateTime],[TypeId]) VALUES (3404, 5, N'iconfont-selectionfill.png', N'/Storage/template/20150826/6357619821371922134387499.png', 2834, CAST(0x0000A50000F82BB4 AS DateTime), CAST(0x0000A50000F82BB4 AS DateTime),1)
INSERT [dbo].[Hishop_PhotoGallery] ([PhotoId], [CategoryId], [PhotoName], [PhotoPath], [FileSize], [UploadTime], [LastUpdateTime],[TypeId]) VALUES (3405, 5, N'iconfont-service.png', N'/Storage/template/20150826/6357619821378722522130069.png', 2993, CAST(0x0000A50000F82BC8 AS DateTime), CAST(0x0000A50000F82BC8 AS DateTime),1)
INSERT [dbo].[Hishop_PhotoGallery] ([PhotoId], [CategoryId], [PhotoName], [PhotoPath], [FileSize], [UploadTime], [LastUpdateTime],[TypeId]) VALUES (3406, 5, N'iconfont-service123shixiao.png', N'/Storage/template/20150826/6357619821387523028872640.png', 3653, CAST(0x0000A50000F82BE3 AS DateTime), CAST(0x0000A50000F82BE3 AS DateTime),1)
INSERT [dbo].[Hishop_PhotoGallery] ([PhotoId], [CategoryId], [PhotoName], [PhotoPath], [FileSize], [UploadTime], [LastUpdateTime],[TypeId]) VALUES (3407, 5, N'iconfont-serviceanshidaohuo.png', N'/Storage/template/20150826/6357619821393223353385965.png', 3283, CAST(0x0000A50000F82BF4 AS DateTime), CAST(0x0000A50000F82BF4 AS DateTime),1)
INSERT [dbo].[Hishop_PhotoGallery] ([PhotoId], [CategoryId], [PhotoName], [PhotoPath], [FileSize], [UploadTime], [LastUpdateTime],[TypeId]) VALUES (3408, 5, N'iconfont-serviceanshifahuo.png', N'/Storage/template/20150826/6357619821399323702601118.png', 4007, CAST(0x0000A50000F82C06 AS DateTime), CAST(0x0000A50000F82C06 AS DateTime),1)
INSERT [dbo].[Hishop_PhotoGallery] ([PhotoId], [CategoryId], [PhotoName], [PhotoPath], [FileSize], [UploadTime], [LastUpdateTime],[TypeId]) VALUES (3409, 5, N'iconfont-serviceciribida.png', N'/Storage/template/20150826/6357619821405824076114444.png', 4101, CAST(0x0000A50000F82C19 AS DateTime), CAST(0x0000A50000F82C19 AS DateTime),1)
INSERT [dbo].[Hishop_PhotoGallery] ([PhotoId], [CategoryId], [PhotoName], [PhotoPath], [FileSize], [UploadTime], [LastUpdateTime],[TypeId]) VALUES (3410, 5, N'iconfont-servicehaiwaizhiyou.png', N'/Storage/template/20150826/6357619821413724523857014.png', 4110, CAST(0x0000A50000F82C31 AS DateTime), CAST(0x0000A50000F82C31 AS DateTime),1)
INSERT [dbo].[Hishop_PhotoGallery] ([PhotoId], [CategoryId], [PhotoName], [PhotoPath], [FileSize], [UploadTime], [LastUpdateTime],[TypeId]) VALUES (3411, 5, N'iconfont-servicehuanqiubida.png', N'/Storage/template/20150826/6357619821420924931599585.png', 55085, CAST(0x0000A50000F82C47 AS DateTime), CAST(0x0000A50000F82C47 AS DateTime),1)
INSERT [dbo].[Hishop_PhotoGallery] ([PhotoId], [CategoryId], [PhotoName], [PhotoPath], [FileSize], [UploadTime], [LastUpdateTime],[TypeId]) VALUES (3412, 5, N'iconfont-servicehuanqiuzhida.png', N'/Storage/template/20150826/6357619821432325581098818.png', 43668, CAST(0x0000A50000F82C69 AS DateTime), CAST(0x0000A50000F82C69 AS DateTime),1)
INSERT [dbo].[Hishop_PhotoGallery] ([PhotoId], [CategoryId], [PhotoName], [PhotoPath], [FileSize], [UploadTime], [LastUpdateTime],[TypeId]) VALUES (3413, 5, N'iconfont-servicejiayipeisan.png', N'/Storage/template/20150826/6357619821437625899313971.png', 3688, CAST(0x0000A50000F82C79 AS DateTime), CAST(0x0000A50000F82C79 AS DateTime),1)
INSERT [dbo].[Hishop_PhotoGallery] ([PhotoId], [CategoryId], [PhotoName], [PhotoPath], [FileSize], [UploadTime], [LastUpdateTime],[TypeId]) VALUES (3414, 5, N'iconfont-servicejienengbutie.png', N'/Storage/template/20150826/6357619821447226445583959.png', 3551, CAST(0x0000A50000F82C96 AS DateTime), CAST(0x0000A50000F82C96 AS DateTime),1)
INSERT [dbo].[Hishop_PhotoGallery] ([PhotoId], [CategoryId], [PhotoName], [PhotoPath], [FileSize], [UploadTime], [LastUpdateTime],[TypeId]) VALUES (3415, 5, N'iconfont-serviceman88baoyou.png', N'/Storage/template/20150826/6357619821455626923326530.png', 4139, CAST(0x0000A50000F82CAF AS DateTime), CAST(0x0000A50000F82CAF AS DateTime),1)
INSERT [dbo].[Hishop_PhotoGallery] ([PhotoId], [CategoryId], [PhotoName], [PhotoPath], [FileSize], [UploadTime], [LastUpdateTime],[TypeId]) VALUES (3416, 5, N'iconfont-servicequanqiutongjia.png', N'/Storage/template/20150826/6357619821464727444298345.png', 3599, CAST(0x0000A50000F82CCA AS DateTime), CAST(0x0000A50000F82CCA AS DateTime),1)
INSERT [dbo].[Hishop_PhotoGallery] ([PhotoId], [CategoryId], [PhotoName], [PhotoPath], [FileSize], [UploadTime], [LastUpdateTime],[TypeId]) VALUES (3417, 5, N'iconfont-serviceshandianfahuo.png', N'/Storage/template/20150826/6357619821473427949568333.png', 4084, CAST(0x0000A50000F82CE4 AS DateTime), CAST(0x0000A50000F82CE4 AS DateTime),1)
INSERT [dbo].[Hishop_PhotoGallery] ([PhotoId], [CategoryId], [PhotoName], [PhotoPath], [FileSize], [UploadTime], [LastUpdateTime],[TypeId]) VALUES (3418, 5, N'iconfont-serviceshandiantuikuan.png', N'/Storage/template/20150826/6357619821481428397310904.png', 3469, CAST(0x0000A50000F82CFC AS DateTime), CAST(0x0000A50000F82CFC AS DateTime),1)
INSERT [dbo].[Hishop_PhotoGallery] ([PhotoId], [CategoryId], [PhotoName], [PhotoPath], [FileSize], [UploadTime], [LastUpdateTime],[TypeId]) VALUES (3419, 5, N'iconfont-serviceshangmenanzhuang.png', N'/Storage/template/20150826/6357619821487528746526057.png', 44922, CAST(0x0000A50000F82D0F AS DateTime), CAST(0x0000A50000F82D0F AS DateTime),1)
INSERT [dbo].[Hishop_PhotoGallery] ([PhotoId], [CategoryId], [PhotoName], [PhotoPath], [FileSize], [UploadTime], [LastUpdateTime],[TypeId]) VALUES (3420, 5, N'iconfont-servicezengyunfeixian.png', N'/Storage/template/20150826/6357619821496829272796045.png', 3894, CAST(0x0000A50000F82D2B AS DateTime), CAST(0x0000A50000F82D2B AS DateTime),1)
INSERT [dbo].[Hishop_PhotoGallery] ([PhotoId], [CategoryId], [PhotoName], [PhotoPath], [FileSize], [UploadTime], [LastUpdateTime],[TypeId]) VALUES (3421, 5, N'iconfont-shanchu.png', N'/Storage/template/20150826/6357619821505129759538616.png', 2877, CAST(0x0000A50000F82D44 AS DateTime), CAST(0x0000A50000F82D44 AS DateTime),1)
INSERT [dbo].[Hishop_PhotoGallery] ([PhotoId], [CategoryId], [PhotoName], [PhotoPath], [FileSize], [UploadTime], [LastUpdateTime],[TypeId]) VALUES (3422, 5, N'iconfont-shanchu2.png', N'/Storage/template/20150826/6357619821514830301510432.png', 1292, CAST(0x0000A50000F82D61 AS DateTime), CAST(0x0000A50000F82D61 AS DateTime),1)
INSERT [dbo].[Hishop_PhotoGallery] ([PhotoId], [CategoryId], [PhotoName], [PhotoPath], [FileSize], [UploadTime], [LastUpdateTime],[TypeId]) VALUES (3423, 5, N'iconfont-share.png', N'/Storage/template/20150826/6357619821523030778253002.png', 2614, CAST(0x0000A50000F82D79 AS DateTime), CAST(0x0000A50000F82D79 AS DateTime),1)
INSERT [dbo].[Hishop_PhotoGallery] ([PhotoId], [CategoryId], [PhotoName], [PhotoPath], [FileSize], [UploadTime], [LastUpdateTime],[TypeId]) VALUES (3424, 5, N'iconfont-shengritequan.png', N'/Storage/template/20150826/6357619821529831165995573.png', 2742, CAST(0x0000A50000F82D8D AS DateTime), CAST(0x0000A50000F82D8D AS DateTime),1)
INSERT [dbo].[Hishop_PhotoGallery] ([PhotoId], [CategoryId], [PhotoName], [PhotoPath], [FileSize], [UploadTime], [LastUpdateTime],[TypeId]) VALUES (3425, 5, N'iconfont-shizhong.png', N'/Storage/template/20150826/6357619821537031579508898.png', 3367, CAST(0x0000A50000F82DA3 AS DateTime), CAST(0x0000A50000F82DA3 AS DateTime),1)
INSERT [dbo].[Hishop_PhotoGallery] ([PhotoId], [CategoryId], [PhotoName], [PhotoPath], [FileSize], [UploadTime], [LastUpdateTime],[TypeId]) VALUES (3426, 5, N'iconfont-shoucangshangpin.png', N'/Storage/template/20150826/6357619821542131878724051.png', 2933, CAST(0x0000A50000F82DB2 AS DateTime), CAST(0x0000A50000F82DB2 AS DateTime),1)
INSERT [dbo].[Hishop_PhotoGallery] ([PhotoId], [CategoryId], [PhotoName], [PhotoPath], [FileSize], [UploadTime], [LastUpdateTime],[TypeId]) VALUES (3427, 5, N'iconfont-shouhoufuwu.png', N'/Storage/template/20150826/6357619821550532356466622.png', 48840, CAST(0x0000A50000F82DCC AS DateTime), CAST(0x0000A50000F82DCC AS DateTime),1)
INSERT [dbo].[Hishop_PhotoGallery] ([PhotoId], [CategoryId], [PhotoName], [PhotoPath], [FileSize], [UploadTime], [LastUpdateTime],[TypeId]) VALUES (3428, 5, N'iconfont-shouhouwuyou.png', N'/Storage/template/20150826/6357619821558232794209192.png', 3128, CAST(0x0000A50000F82DE3 AS DateTime), CAST(0x0000A50000F82DE3 AS DateTime),1)
INSERT [dbo].[Hishop_PhotoGallery] ([PhotoId], [CategoryId], [PhotoName], [PhotoPath], [FileSize], [UploadTime], [LastUpdateTime],[TypeId]) VALUES (3429, 5, N'iconfont-shouye.png', N'/Storage/template/20150826/6357619821565533201951763.png', 1460, CAST(0x0000A50000F82DF9 AS DateTime), CAST(0x0000A50000F82DF9 AS DateTime),1)
INSERT [dbo].[Hishop_PhotoGallery] ([PhotoId], [CategoryId], [PhotoName], [PhotoPath], [FileSize], [UploadTime], [LastUpdateTime],[TypeId]) VALUES (3430, 5, N'iconfont-shuidianmei.png', N'/Storage/template/20150826/6357619821571633555465088.png', 2245, CAST(0x0000A50000F82E0B AS DateTime), CAST(0x0000A50000F82E0B AS DateTime),1)
INSERT [dbo].[Hishop_PhotoGallery] ([PhotoId], [CategoryId], [PhotoName], [PhotoPath], [FileSize], [UploadTime], [LastUpdateTime],[TypeId]) VALUES (3431, 5, N'iconfont-tamenduyongguo.png', N'/Storage/template/20150826/6357619821579934033207659.png', 24902, CAST(0x0000A50000F82E24 AS DateTime), CAST(0x0000A50000F82E24 AS DateTime),1)
INSERT [dbo].[Hishop_PhotoGallery] ([PhotoId], [CategoryId], [PhotoName], [PhotoPath], [FileSize], [UploadTime], [LastUpdateTime],[TypeId]) VALUES (3432, 5, N'iconfont-tansuoa.png', N'/Storage/template/20150826/6357619821587434469950229.png', 3866, CAST(0x0000A50000F82E3B AS DateTime), CAST(0x0000A50000F82E3B AS DateTime),1)
INSERT [dbo].[Hishop_PhotoGallery] ([PhotoId], [CategoryId], [PhotoName], [PhotoPath], [FileSize], [UploadTime], [LastUpdateTime],[TypeId]) VALUES (3433, 5, N'iconfont-tansuob.png', N'/Storage/template/20150826/6357619821592134735936137.png', 2636, CAST(0x0000A50000F82E48 AS DateTime), CAST(0x0000A50000F82E48 AS DateTime),1)
INSERT [dbo].[Hishop_PhotoGallery] ([PhotoId], [CategoryId], [PhotoName], [PhotoPath], [FileSize], [UploadTime], [LastUpdateTime],[TypeId]) VALUES (3434, 5, N'iconfont-text.png', N'/Storage/template/20150826/6357619821598835119449462.png', 19390, CAST(0x0000A50000F82E5D AS DateTime), CAST(0x0000A50000F82E5D AS DateTime),1)
INSERT [dbo].[Hishop_PhotoGallery] ([PhotoId], [CategoryId], [PhotoName], [PhotoPath], [FileSize], [UploadTime], [LastUpdateTime],[TypeId]) VALUES (3435, 5, N'iconfont-tianjiadaozhuomian.png', N'/Storage/template/20150826/6357619821605835518664616.png', 935, CAST(0x0000A50000F82E72 AS DateTime), CAST(0x0000A50000F82E72 AS DateTime),1)
INSERT [dbo].[Hishop_PhotoGallery] ([PhotoId], [CategoryId], [PhotoName], [PhotoPath], [FileSize], [UploadTime], [LastUpdateTime],[TypeId]) VALUES (3436, 5, N'iconfont-tianmao123shixiao.png', N'/Storage/template/20150826/6357619821617936202393094.png', 3820, CAST(0x0000A50000F82E96 AS DateTime), CAST(0x0000A50000F82E96 AS DateTime),1)
INSERT [dbo].[Hishop_PhotoGallery] ([PhotoId], [CategoryId], [PhotoName], [PhotoPath], [FileSize], [UploadTime], [LastUpdateTime],[TypeId]) VALUES (3437, 5, N'iconfont-tianmaoanshidaohuo.png', N'/Storage/template/20150826/6357619821625336629135665.png', 3488, CAST(0x0000A50000F82EAC AS DateTime), CAST(0x0000A50000F82EAC AS DateTime),1)
INSERT [dbo].[Hishop_PhotoGallery] ([PhotoId], [CategoryId], [PhotoName], [PhotoPath], [FileSize], [UploadTime], [LastUpdateTime],[TypeId]) VALUES (3438, 5, N'iconfont-tianmaoanshifahuo.png', N'/Storage/template/20150826/6357619821631036953648990.png', 3646, CAST(0x0000A50000F82EBD AS DateTime), CAST(0x0000A50000F82EBD AS DateTime),1)
INSERT [dbo].[Hishop_PhotoGallery] ([PhotoId], [CategoryId], [PhotoName], [PhotoPath], [FileSize], [UploadTime], [LastUpdateTime],[TypeId]) VALUES (3439, 5, N'iconfont-tianmaobao.png', N'/Storage/template/20150826/6357619821638237367162315.png', 3109, CAST(0x0000A50000F82ED3 AS DateTime), CAST(0x0000A50000F82ED3 AS DateTime),1)
INSERT [dbo].[Hishop_PhotoGallery] ([PhotoId], [CategoryId], [PhotoName], [PhotoPath], [FileSize], [UploadTime], [LastUpdateTime],[TypeId]) VALUES (3440, 5, N'iconfont-tianmaobaoyouqia.png', N'/Storage/template/20150826/6357619821645737794904886.png', 3326, CAST(0x0000A50000F82EE9 AS DateTime), CAST(0x0000A50000F82EE9 AS DateTime),1)
INSERT [dbo].[Hishop_PhotoGallery] ([PhotoId], [CategoryId], [PhotoName], [PhotoPath], [FileSize], [UploadTime], [LastUpdateTime],[TypeId]) VALUES (3441, 5, N'iconfont-tianmaociribida.png', N'/Storage/template/20150826/6357619821653938262647456.png', 3789, CAST(0x0000A50000F82F02 AS DateTime), CAST(0x0000A50000F82F02 AS DateTime),1)
INSERT [dbo].[Hishop_PhotoGallery] ([PhotoId], [CategoryId], [PhotoName], [PhotoPath], [FileSize], [UploadTime], [LastUpdateTime],[TypeId]) VALUES (3442, 5, N'iconfont-tianmaodianbaobao.png', N'/Storage/template/20150826/6357619821662738763619272.png', 3139, CAST(0x0000A50000F82F1D AS DateTime), CAST(0x0000A50000F82F1D AS DateTime),1)
INSERT [dbo].[Hishop_PhotoGallery] ([PhotoId], [CategoryId], [PhotoName], [PhotoPath], [FileSize], [UploadTime], [LastUpdateTime],[TypeId]) VALUES (3443, 5, N'iconfont-tianmaofenqi.png', N'/Storage/template/20150826/6357619821672739344591088.png', 2469, CAST(0x0000A50000F82F3A AS DateTime), CAST(0x0000A50000F82F3A AS DateTime),1)
INSERT [dbo].[Hishop_PhotoGallery] ([PhotoId], [CategoryId], [PhotoName], [PhotoPath], [FileSize], [UploadTime], [LastUpdateTime],[TypeId]) VALUES (3444, 5, N'iconfont-tianmaohuiyuan.png', N'/Storage/template/20150826/6357619821678839688104413.png', 3805, CAST(0x0000A50000F82F4D AS DateTime), CAST(0x0000A50000F82F4D AS DateTime),1)
INSERT [dbo].[Hishop_PhotoGallery] ([PhotoId], [CategoryId], [PhotoName], [PhotoPath], [FileSize], [UploadTime], [LastUpdateTime],[TypeId]) VALUES (3445, 5, N'iconfont-tianmaohuodaofukuan.png', N'/Storage/template/20150826/6357619821687940219076229.png', 3401, CAST(0x0000A50000F82F68 AS DateTime), CAST(0x0000A50000F82F68 AS DateTime),1)
INSERT [dbo].[Hishop_PhotoGallery] ([PhotoId], [CategoryId], [PhotoName], [PhotoPath], [FileSize], [UploadTime], [LastUpdateTime],[TypeId]) VALUES (3446, 5, N'iconfont-tianmaohuopiaotongxing.png', N'/Storage/template/20150826/6357619821696040676818800.png', 3616, CAST(0x0000A50000F82F80 AS DateTime), CAST(0x0000A50000F82F80 AS DateTime),1)
INSERT [dbo].[Hishop_PhotoGallery] ([PhotoId], [CategoryId], [PhotoName], [PhotoPath], [FileSize], [UploadTime], [LastUpdateTime],[TypeId]) VALUES (3447, 5, N'iconfont-tianmaojishiqueren.png', N'/Storage/template/20150826/6357619821704641163088788.png', 3913, CAST(0x0000A50000F82F9A AS DateTime), CAST(0x0000A50000F82F9A AS DateTime),1)
INSERT [dbo].[Hishop_PhotoGallery] ([PhotoId], [CategoryId], [PhotoName], [PhotoPath], [FileSize], [UploadTime], [LastUpdateTime],[TypeId]) VALUES (3448, 5, N'iconfont-tianmaojisutuikuan.png', N'/Storage/template/20150826/6357619821714641734060603.png', 3635, CAST(0x0000A50000F82FB8 AS DateTime), CAST(0x0000A50000F82FB8 AS DateTime),1)
INSERT [dbo].[Hishop_PhotoGallery] ([PhotoId], [CategoryId], [PhotoName], [PhotoPath], [FileSize], [UploadTime], [LastUpdateTime],[TypeId]) VALUES (3449, 5, N'iconfont-tianmaomendianziti.png', N'/Storage/template/20150826/6357619821724642303559837.png', 3275, CAST(0x0000A50000F82FD6 AS DateTime), CAST(0x0000A50000F82FD6 AS DateTime),1)
INSERT [dbo].[Hishop_PhotoGallery] ([PhotoId], [CategoryId], [PhotoName], [PhotoPath], [FileSize], [UploadTime], [LastUpdateTime],[TypeId]) VALUES (3450, 5, N'iconfont-tianmaopeisonganzhuang.png', N'/Storage/template/20150826/6357619821730342638545745.png', 3860, CAST(0x0000A50000F82FE7 AS DateTime), CAST(0x0000A50000F82FE7 AS DateTime),1)
INSERT [dbo].[Hishop_PhotoGallery] ([PhotoId], [CategoryId], [PhotoName], [PhotoPath], [FileSize], [UploadTime], [LastUpdateTime],[TypeId]) VALUES (3451, 5, N'iconfont-tianmaoqitiantuihuo.png', N'/Storage/template/20150826/6357619821739743174815733.png', 3169, CAST(0x0000A50000F83003 AS DateTime), CAST(0x0000A50000F83003 AS DateTime),1)
INSERT [dbo].[Hishop_PhotoGallery] ([PhotoId], [CategoryId], [PhotoName], [PhotoPath], [FileSize], [UploadTime], [LastUpdateTime],[TypeId]) VALUES (3452, 5, N'iconfont-tianmaoquanguolianbao.png', N'/Storage/template/20150826/6357619821745843524030886.png', 3899, CAST(0x0000A50000F83016 AS DateTime), CAST(0x0000A50000F83016 AS DateTime),1)
INSERT [dbo].[Hishop_PhotoGallery] ([PhotoId], [CategoryId], [PhotoName], [PhotoPath], [FileSize], [UploadTime], [LastUpdateTime],[TypeId]) VALUES (3453, 5, N'iconfont-tianmaoshangmentuihuo.png', N'/Storage/template/20150826/6357619821755044049300874.png', 4013, CAST(0x0000A50000F83031 AS DateTime), CAST(0x0000A50000F83031 AS DateTime),1)
INSERT [dbo].[Hishop_PhotoGallery] ([PhotoId], [CategoryId], [PhotoName], [PhotoPath], [FileSize], [UploadTime], [LastUpdateTime],[TypeId]) VALUES (3454, 5, N'iconfont-tianmaoshiyongfuwu.png', N'/Storage/template/20150826/6357619821762744487043444.png', 3679, CAST(0x0000A50000F83048 AS DateTime), CAST(0x0000A50000F83048 AS DateTime),1)
INSERT [dbo].[Hishop_PhotoGallery] ([PhotoId], [CategoryId], [PhotoName], [PhotoPath], [FileSize], [UploadTime], [LastUpdateTime],[TypeId]) VALUES (3455, 5, N'iconfont-tianmaoshunfengbaoyou.png', N'/Storage/template/20150826/6357619821773945122244505.png', 3613, CAST(0x0000A50000F8306A AS DateTime), CAST(0x0000A50000F8306A AS DateTime),1)
GO
print 'Processed 200 total records'
INSERT [dbo].[Hishop_PhotoGallery] ([PhotoId], [CategoryId], [PhotoName], [PhotoPath], [FileSize], [UploadTime], [LastUpdateTime],[TypeId]) VALUES (3456, 5, N'iconfont-tianmaosonghuoshangmen.png', N'/Storage/template/20150826/6357619821780045475757831.png', 3404, CAST(0x0000A50000F8307C AS DateTime), CAST(0x0000A50000F8307C AS DateTime),1)
INSERT [dbo].[Hishop_PhotoGallery] ([PhotoId], [CategoryId], [PhotoName], [PhotoPath], [FileSize], [UploadTime], [LastUpdateTime],[TypeId]) VALUES (3457, 5, N'iconfont-tianmaotigongfapiao.png', N'/Storage/template/20150826/6357619821788645976729646.png', 3354, CAST(0x0000A50000F83096 AS DateTime), CAST(0x0000A50000F83096 AS DateTime),1)
INSERT [dbo].[Hishop_PhotoGallery] ([PhotoId], [CategoryId], [PhotoName], [PhotoPath], [FileSize], [UploadTime], [LastUpdateTime],[TypeId]) VALUES (3458, 5, N'iconfont-tianmaotuihuobaozhangqia.png', N'/Storage/template/20150826/6357619821796746434472217.png', 3814, CAST(0x0000A50000F830AE AS DateTime), CAST(0x0000A50000F830AE AS DateTime),1)
INSERT [dbo].[Hishop_PhotoGallery] ([PhotoId], [CategoryId], [PhotoName], [PhotoPath], [FileSize], [UploadTime], [LastUpdateTime],[TypeId]) VALUES (3459, 5, N'iconfont-tianmaowuyoutuihuanhuo.png', N'/Storage/template/20150826/6357619821804446872214788.png', 3091, CAST(0x0000A50000F830C6 AS DateTime), CAST(0x0000A50000F830C6 AS DateTime),1)
INSERT [dbo].[Hishop_PhotoGallery] ([PhotoId], [CategoryId], [PhotoName], [PhotoPath], [FileSize], [UploadTime], [LastUpdateTime],[TypeId]) VALUES (3460, 5, N'iconfont-tianmaoxianshihoumai.png', N'/Storage/template/20150826/6357619821812847358957358.png', 3977, CAST(0x0000A50000F830DF AS DateTime), CAST(0x0000A50000F830DF AS DateTime),1)
INSERT [dbo].[Hishop_PhotoGallery] ([PhotoId], [CategoryId], [PhotoName], [PhotoPath], [FileSize], [UploadTime], [LastUpdateTime],[TypeId]) VALUES (3461, 5, N'iconfont-tianmaoyanchangbaoxiu.png', N'/Storage/template/20150826/6357619821823047938456591.png', 3856, CAST(0x0000A50000F830FD AS DateTime), CAST(0x0000A50000F830FD AS DateTime),1)
INSERT [dbo].[Hishop_PhotoGallery] ([PhotoId], [CategoryId], [PhotoName], [PhotoPath], [FileSize], [UploadTime], [LastUpdateTime],[TypeId]) VALUES (3462, 5, N'iconfont-tianmaoyoujirenzheng.png', N'/Storage/template/20150826/6357619821828948274442499.png', 4403, CAST(0x0000A50000F8310F AS DateTime), CAST(0x0000A50000F8310F AS DateTime),1)
INSERT [dbo].[Hishop_PhotoGallery] ([PhotoId], [CategoryId], [PhotoName], [PhotoPath], [FileSize], [UploadTime], [LastUpdateTime],[TypeId]) VALUES (3463, 5, N'iconfont-tianmaoyuanchengfuwu.png', N'/Storage/template/20150826/6357619821837748779712487.png', 3015, CAST(0x0000A50000F8312A AS DateTime), CAST(0x0000A50000F8312A AS DateTime),1)
INSERT [dbo].[Hishop_PhotoGallery] ([PhotoId], [CategoryId], [PhotoName], [PhotoPath], [FileSize], [UploadTime], [LastUpdateTime],[TypeId]) VALUES (3464, 5, N'iconfont-tianmaozengyunfeixian.png', N'/Storage/template/20150826/6357619821846049257455058.png', 3903, CAST(0x0000A50000F83142 AS DateTime), CAST(0x0000A50000F83142 AS DateTime),1)
INSERT [dbo].[Hishop_PhotoGallery] ([PhotoId], [CategoryId], [PhotoName], [PhotoPath], [FileSize], [UploadTime], [LastUpdateTime],[TypeId]) VALUES (3465, 5, N'iconfont-tianmaozhengpinbaozhang.png', N'/Storage/template/20150826/6357619821854649748426874.png', 3791, CAST(0x0000A50000F8315C AS DateTime), CAST(0x0000A50000F8315C AS DateTime),1)
INSERT [dbo].[Hishop_PhotoGallery] ([PhotoId], [CategoryId], [PhotoName], [PhotoPath], [FileSize], [UploadTime], [LastUpdateTime],[TypeId]) VALUES (3466, 5, N'iconfont-tishi.png', N'/Storage/template/20150826/6357619821863050226169444.png', 2307, CAST(0x0000A50000F83175 AS DateTime), CAST(0x0000A50000F83175 AS DateTime),1)
INSERT [dbo].[Hishop_PhotoGallery] ([PhotoId], [CategoryId], [PhotoName], [PhotoPath], [FileSize], [UploadTime], [LastUpdateTime],[TypeId]) VALUES (3467, 5, N'iconfont-tongxunlu.png', N'/Storage/template/20150826/6357619821871350702439432.png', 3359, CAST(0x0000A50000F8318E AS DateTime), CAST(0x0000A50000F8318E AS DateTime),1)
INSERT [dbo].[Hishop_PhotoGallery] ([PhotoId], [CategoryId], [PhotoName], [PhotoPath], [FileSize], [UploadTime], [LastUpdateTime],[TypeId]) VALUES (3468, 5, N'iconfont-tuihuobaozhang.png', N'/Storage/template/20150826/6357619821880151209182003.png', 3184, CAST(0x0000A50000F831A8 AS DateTime), CAST(0x0000A50000F831A8 AS DateTime),1)
INSERT [dbo].[Hishop_PhotoGallery] ([PhotoId], [CategoryId], [PhotoName], [PhotoPath], [FileSize], [UploadTime], [LastUpdateTime],[TypeId]) VALUES (3469, 5, N'iconfont-tuikuan.png', N'/Storage/template/20150826/6357619821889151711153818.png', 2797, CAST(0x0000A50000F831C3 AS DateTime), CAST(0x0000A50000F831C3 AS DateTime),1)
INSERT [dbo].[Hishop_PhotoGallery] ([PhotoId], [CategoryId], [PhotoName], [PhotoPath], [FileSize], [UploadTime], [LastUpdateTime],[TypeId]) VALUES (3470, 5, N'iconfont-unlock.png', N'/Storage/template/20150826/6357619821896952167896389.png', 1695, CAST(0x0000A50000F831DB AS DateTime), CAST(0x0000A50000F831DB AS DateTime),1)
INSERT [dbo].[Hishop_PhotoGallery] ([PhotoId], [CategoryId], [PhotoName], [PhotoPath], [FileSize], [UploadTime], [LastUpdateTime],[TypeId]) VALUES (3471, 5, N'iconfont-upload.png', N'/Storage/template/20150826/6357619821905752668868205.png', 2666, CAST(0x0000A50000F831F5 AS DateTime), CAST(0x0000A50000F831F5 AS DateTime),1)
INSERT [dbo].[Hishop_PhotoGallery] ([PhotoId], [CategoryId], [PhotoName], [PhotoPath], [FileSize], [UploadTime], [LastUpdateTime],[TypeId]) VALUES (3472, 5, N'iconfont-video.png', N'/Storage/template/20150826/6357619821914353166610775.png', 1413, CAST(0x0000A50000F8320F AS DateTime), CAST(0x0000A50000F8320F AS DateTime),1)
INSERT [dbo].[Hishop_PhotoGallery] ([PhotoId], [CategoryId], [PhotoName], [PhotoPath], [FileSize], [UploadTime], [LastUpdateTime],[TypeId]) VALUES (3473, 5, N'iconfont-wangwang.png', N'/Storage/template/20150826/6357619821924253726110009.png', 2869, CAST(0x0000A50000F8322D AS DateTime), CAST(0x0000A50000F8322D AS DateTime),1)
INSERT [dbo].[Hishop_PhotoGallery] ([PhotoId], [CategoryId], [PhotoName], [PhotoPath], [FileSize], [UploadTime], [LastUpdateTime],[TypeId]) VALUES (3474, 5, N'iconfont-wangxin.png', N'/Storage/template/20150826/6357619821933554252379997.png', 2058, CAST(0x0000A50000F83249 AS DateTime), CAST(0x0000A50000F83249 AS DateTime),1)
INSERT [dbo].[Hishop_PhotoGallery] ([PhotoId], [CategoryId], [PhotoName], [PhotoPath], [FileSize], [UploadTime], [LastUpdateTime],[TypeId]) VALUES (3475, 5, N'iconfont-weibo.png', N'/Storage/template/20150826/6357619821940854671595150.png', 3233, CAST(0x0000A50000F8325F AS DateTime), CAST(0x0000A50000F8325F AS DateTime),1)
INSERT [dbo].[Hishop_PhotoGallery] ([PhotoId], [CategoryId], [PhotoName], [PhotoPath], [FileSize], [UploadTime], [LastUpdateTime],[TypeId]) VALUES (3476, 5, N'iconfont-weixuanzhongyuanquan.png', N'/Storage/template/20150826/6357619821947155035108475.png', 2604, CAST(0x0000A50000F83271 AS DateTime), CAST(0x0000A50000F83271 AS DateTime),1)
INSERT [dbo].[Hishop_PhotoGallery] ([PhotoId], [CategoryId], [PhotoName], [PhotoPath], [FileSize], [UploadTime], [LastUpdateTime],[TypeId]) VALUES (3477, 5, N'iconfont-wenbenbianjitianchong.png', N'/Storage/template/20150826/6357619821954455452851046.png', 1562, CAST(0x0000A50000F83287 AS DateTime), CAST(0x0000A50000F83287 AS DateTime),1)
INSERT [dbo].[Hishop_PhotoGallery] ([PhotoId], [CategoryId], [PhotoName], [PhotoPath], [FileSize], [UploadTime], [LastUpdateTime],[TypeId]) VALUES (3478, 5, N'iconfont-wentifankui.png', N'/Storage/template/20150826/6357619821963055949593616.png', 3053, CAST(0x0000A50000F832A1 AS DateTime), CAST(0x0000A50000F832A1 AS DateTime),1)
INSERT [dbo].[Hishop_PhotoGallery] ([PhotoId], [CategoryId], [PhotoName], [PhotoPath], [FileSize], [UploadTime], [LastUpdateTime],[TypeId]) VALUES (3479, 5, N'iconfont-wo.png', N'/Storage/template/20150826/6357619821971756441565432.png', 2530, CAST(0x0000A50000F832BB AS DateTime), CAST(0x0000A50000F832BB AS DateTime),1)
INSERT [dbo].[Hishop_PhotoGallery] ([PhotoId], [CategoryId], [PhotoName], [PhotoPath], [FileSize], [UploadTime], [LastUpdateTime],[TypeId]) VALUES (3480, 5, N'iconfont-wodehuiyuanqia.png', N'/Storage/template/20150826/6357619821980856966835420.png', 1317, CAST(0x0000A50000F832D7 AS DateTime), CAST(0x0000A50000F832D7 AS DateTime),1)
INSERT [dbo].[Hishop_PhotoGallery] ([PhotoId], [CategoryId], [PhotoName], [PhotoPath], [FileSize], [UploadTime], [LastUpdateTime],[TypeId]) VALUES (3481, 5, N'iconfont-wodexuanzhong.png', N'/Storage/template/20150826/6357619821987557346050573.png', 2042, CAST(0x0000A50000F832EB AS DateTime), CAST(0x0000A50000F832EB AS DateTime),1)
INSERT [dbo].[Hishop_PhotoGallery] ([PhotoId], [CategoryId], [PhotoName], [PhotoPath], [FileSize], [UploadTime], [LastUpdateTime],[TypeId]) VALUES (3482, 5, N'iconfont-wodeyouhuijuan.png', N'/Storage/template/20150826/6357619821997157892320561.png', 1108, CAST(0x0000A50000F83308 AS DateTime), CAST(0x0000A50000F83308 AS DateTime),1)
INSERT [dbo].[Hishop_PhotoGallery] ([PhotoId], [CategoryId], [PhotoName], [PhotoPath], [FileSize], [UploadTime], [LastUpdateTime],[TypeId]) VALUES (3483, 5, N'iconfont-write.png', N'/Storage/template/20150826/6357619822005458373292377.png', 2905, CAST(0x0000A50000F83320 AS DateTime), CAST(0x0000A50000F83320 AS DateTime),1)
INSERT [dbo].[Hishop_PhotoGallery] ([PhotoId], [CategoryId], [PhotoName], [PhotoPath], [FileSize], [UploadTime], [LastUpdateTime],[TypeId]) VALUES (3484, 5, N'iconfont-xianshihoumai.png', N'/Storage/template/20150826/6357619822012758786805702.png', 3166, CAST(0x0000A50000F83336 AS DateTime), CAST(0x0000A50000F83336 AS DateTime),1)
INSERT [dbo].[Hishop_PhotoGallery] ([PhotoId], [CategoryId], [PhotoName], [PhotoPath], [FileSize], [UploadTime], [LastUpdateTime],[TypeId]) VALUES (3485, 5, N'iconfont-xiaoxi.png', N'/Storage/template/20150826/6357619822024059439534181.png', 2428, CAST(0x0000A50000F83358 AS DateTime), CAST(0x0000A50000F83358 AS DateTime),1)
INSERT [dbo].[Hishop_PhotoGallery] ([PhotoId], [CategoryId], [PhotoName], [PhotoPath], [FileSize], [UploadTime], [LastUpdateTime],[TypeId]) VALUES (3486, 5, N'iconfont-xiazai.png', N'/Storage/template/20150826/6357619822033759981505996.png', 1880, CAST(0x0000A50000F83375 AS DateTime), CAST(0x0000A50000F83375 AS DateTime),1)
INSERT [dbo].[Hishop_PhotoGallery] ([PhotoId], [CategoryId], [PhotoName], [PhotoPath], [FileSize], [UploadTime], [LastUpdateTime],[TypeId]) VALUES (3487, 5, N'iconfont-xiugai.png', N'/Storage/template/20150826/6357619822038960286491904.png', 2835, CAST(0x0000A50000F83385 AS DateTime), CAST(0x0000A50000F83385 AS DateTime),1)
INSERT [dbo].[Hishop_PhotoGallery] ([PhotoId], [CategoryId], [PhotoName], [PhotoPath], [FileSize], [UploadTime], [LastUpdateTime],[TypeId]) VALUES (3488, 5, N'iconfont-xiugaioryijian.png', N'/Storage/template/20150826/6357619822046860734234475.png', 1963, CAST(0x0000A50000F8339D AS DateTime), CAST(0x0000A50000F8339D AS DateTime),1)
INSERT [dbo].[Hishop_PhotoGallery] ([PhotoId], [CategoryId], [PhotoName], [PhotoPath], [FileSize], [UploadTime], [LastUpdateTime],[TypeId]) VALUES (3489, 5, N'iconfont-xuanzhong.png', N'/Storage/template/20150826/6357619822054761191977045.png', 2360, CAST(0x0000A50000F833B5 AS DateTime), CAST(0x0000A50000F833B5 AS DateTime),1)
INSERT [dbo].[Hishop_PhotoGallery] ([PhotoId], [CategoryId], [PhotoName], [PhotoPath], [FileSize], [UploadTime], [LastUpdateTime],[TypeId]) VALUES (3490, 5, N'iconfont-xuanzhuan.png', N'/Storage/template/20150826/6357619822062161618719616.png', 3235, CAST(0x0000A50000F833CA AS DateTime), CAST(0x0000A50000F833CA AS DateTime),1)
INSERT [dbo].[Hishop_PhotoGallery] ([PhotoId], [CategoryId], [PhotoName], [PhotoPath], [FileSize], [UploadTime], [LastUpdateTime],[TypeId]) VALUES (3491, 5, N'iconfont-yangchengtongchongzhi.png', N'/Storage/template/20150826/6357619822070662106462187.png', 2388, CAST(0x0000A50000F833E4 AS DateTime), CAST(0x0000A50000F833E4 AS DateTime),1)
INSERT [dbo].[Hishop_PhotoGallery] ([PhotoId], [CategoryId], [PhotoName], [PhotoPath], [FileSize], [UploadTime], [LastUpdateTime],[TypeId]) VALUES (3492, 5, N'iconfont-yaochi.png', N'/Storage/template/20150826/6357619822080862685961420.png', 3052, CAST(0x0000A50000F83403 AS DateTime), CAST(0x0000A50000F83403 AS DateTime),1)
INSERT [dbo].[Hishop_PhotoGallery] ([PhotoId], [CategoryId], [PhotoName], [PhotoPath], [FileSize], [UploadTime], [LastUpdateTime],[TypeId]) VALUES (3493, 5, N'iconfont-yiguanzhu.png', N'/Storage/template/20150826/6357619822088563123703990.png', 2935, CAST(0x0000A50000F8341A AS DateTime), CAST(0x0000A50000F8341A AS DateTime),1)
INSERT [dbo].[Hishop_PhotoGallery] ([PhotoId], [CategoryId], [PhotoName], [PhotoPath], [FileSize], [UploadTime], [LastUpdateTime],[TypeId]) VALUES (3494, 5, N'iconfont-yuyinsousuo.png', N'/Storage/template/20150826/6357619822095763537217316.png', 1785, CAST(0x0000A50000F8342F AS DateTime), CAST(0x0000A50000F8342F AS DateTime),1)
INSERT [dbo].[Hishop_PhotoGallery] ([PhotoId], [CategoryId], [PhotoName], [PhotoPath], [FileSize], [UploadTime], [LastUpdateTime],[TypeId]) VALUES (3495, 5, N'iconfont-zan.png', N'/Storage/template/20150826/6357619822100263793203224.png', 2955, CAST(0x0000A50000F8343D AS DateTime), CAST(0x0000A50000F8343D AS DateTime),1)
INSERT [dbo].[Hishop_PhotoGallery] ([PhotoId], [CategoryId], [PhotoName], [PhotoPath], [FileSize], [UploadTime], [LastUpdateTime],[TypeId]) VALUES (3496, 5, N'iconfont-zhifubaoa.png', N'/Storage/template/20150826/6357619822106064126716549.png', 3764, CAST(0x0000A50000F8344E AS DateTime), CAST(0x0000A50000F8344E AS DateTime),1)
INSERT [dbo].[Hishop_PhotoGallery] ([PhotoId], [CategoryId], [PhotoName], [PhotoPath], [FileSize], [UploadTime], [LastUpdateTime],[TypeId]) VALUES (3497, 5, N'iconfont-zhongtumoshi.png', N'/Storage/template/20150826/6357619822112864515931702.png', 1460, CAST(0x0000A50000F83463 AS DateTime), CAST(0x0000A50000F83463 AS DateTime),1)
INSERT [dbo].[Hishop_PhotoGallery] ([PhotoId], [CategoryId], [PhotoName], [PhotoPath], [FileSize], [UploadTime], [LastUpdateTime],[TypeId]) VALUES (3498, 5, N'iconfont-zuanshi.png', N'/Storage/template/20150826/6357619822121665012201690.png', 3576, CAST(0x0000A50000F8347D AS DateTime), CAST(0x0000A50000F8347D AS DateTime),1)
INSERT [dbo].[Hishop_PhotoGallery] ([PhotoId], [CategoryId], [PhotoName], [PhotoPath], [FileSize], [UploadTime], [LastUpdateTime],[TypeId]) VALUES (3499, 8, N'iconfont-addressbook.png', N'/Storage/template/20150826/6357619845203715754100880.png', 2801, CAST(0x0000A50000F942FB AS DateTime), CAST(0x0000A50000F942FB AS DateTime),1)
INSERT [dbo].[Hishop_PhotoGallery] ([PhotoId], [CategoryId], [PhotoName], [PhotoPath], [FileSize], [UploadTime], [LastUpdateTime],[TypeId]) VALUES (3500, 8, N'iconfont-apps.png', N'/Storage/template/20150826/6357619845210935991843451.png', 2104, CAST(0x0000A50000F94311 AS DateTime), CAST(0x0000A50000F94311 AS DateTime),1)
INSERT [dbo].[Hishop_PhotoGallery] ([PhotoId], [CategoryId], [PhotoName], [PhotoPath], [FileSize], [UploadTime], [LastUpdateTime],[TypeId]) VALUES (3501, 8, N'iconfont-cart.png', N'/Storage/template/20150826/6357619845220416277113439.png', 2067, CAST(0x0000A50000F9432E AS DateTime), CAST(0x0000A50000F9432E AS DateTime),1)
INSERT [dbo].[Hishop_PhotoGallery] ([PhotoId], [CategoryId], [PhotoName], [PhotoPath], [FileSize], [UploadTime], [LastUpdateTime],[TypeId]) VALUES (3502, 8, N'iconfont-cartfill.png', N'/Storage/template/20150826/6357619845229816818085255.png', 1656, CAST(0x0000A50000F9434A AS DateTime), CAST(0x0000A50000F9434A AS DateTime),1)
INSERT [dbo].[Hishop_PhotoGallery] ([PhotoId], [CategoryId], [PhotoName], [PhotoPath], [FileSize], [UploadTime], [LastUpdateTime],[TypeId]) VALUES (3503, 8, N'iconfont-cascades.png', N'/Storage/template/20150826/6357619845236917222598580.png', 1926, CAST(0x0000A50000F9435F AS DateTime), CAST(0x0000A50000F9435F AS DateTime),1)
INSERT [dbo].[Hishop_PhotoGallery] ([PhotoId], [CategoryId], [PhotoName], [PhotoPath], [FileSize], [UploadTime], [LastUpdateTime],[TypeId]) VALUES (3504, 8, N'iconfont-chanpincanshu.png', N'/Storage/template/20150826/6357619845244817673570396.png', 933, CAST(0x0000A50000F94376 AS DateTime), CAST(0x0000A50000F94376 AS DateTime),1)
INSERT [dbo].[Hishop_PhotoGallery] ([PhotoId], [CategoryId], [PhotoName], [PhotoPath], [FileSize], [UploadTime], [LastUpdateTime],[TypeId]) VALUES (3505, 8, N'iconfont-chiping.png', N'/Storage/template/20150826/6357619845250977938556304.png', 1761, CAST(0x0000A50000F94389 AS DateTime), CAST(0x0000A50000F94389 AS DateTime),1)
INSERT [dbo].[Hishop_PhotoGallery] ([PhotoId], [CategoryId], [PhotoName], [PhotoPath], [FileSize], [UploadTime], [LastUpdateTime],[TypeId]) VALUES (3506, 8, N'iconfont-communityfill.png', N'/Storage/template/20150826/6357619845259798274826292.png', 2154, CAST(0x0000A50000F943A4 AS DateTime), CAST(0x0000A50000F943A4 AS DateTime),1)
INSERT [dbo].[Hishop_PhotoGallery] ([PhotoId], [CategoryId], [PhotoName], [PhotoPath], [FileSize], [UploadTime], [LastUpdateTime],[TypeId]) VALUES (3507, 8, N'iconfont-deliver.png', N'/Storage/template/20150826/6357619845268598775798107.png', 2389, CAST(0x0000A50000F943BE AS DateTime), CAST(0x0000A50000F943BE AS DateTime),1)
INSERT [dbo].[Hishop_PhotoGallery] ([PhotoId], [CategoryId], [PhotoName], [PhotoPath], [FileSize], [UploadTime], [LastUpdateTime],[TypeId]) VALUES (3508, 8, N'iconfont-dianpu.png', N'/Storage/template/20150826/6357619845274659039311433.png', 2162, CAST(0x0000A50000F943D0 AS DateTime), CAST(0x0000A50000F943D0 AS DateTime),1)
INSERT [dbo].[Hishop_PhotoGallery] ([PhotoId], [CategoryId], [PhotoName], [PhotoPath], [FileSize], [UploadTime], [LastUpdateTime],[TypeId]) VALUES (3509, 8, N'iconfont-dianpushouye.png', N'/Storage/template/20150826/6357619845285899338810666.png', 3428, CAST(0x0000A50000F943F2 AS DateTime), CAST(0x0000A50000F943F2 AS DateTime),1)
INSERT [dbo].[Hishop_PhotoGallery] ([PhotoId], [CategoryId], [PhotoName], [PhotoPath], [FileSize], [UploadTime], [LastUpdateTime],[TypeId]) VALUES (3510, 8, N'iconfont-discoverfill.png', N'/Storage/template/20150826/6357619845293299756553236.png', 3344, CAST(0x0000A50000F94408 AS DateTime), CAST(0x0000A50000F94408 AS DateTime),1)
INSERT [dbo].[Hishop_PhotoGallery] ([PhotoId], [CategoryId], [PhotoName], [PhotoPath], [FileSize], [UploadTime], [LastUpdateTime],[TypeId]) VALUES (3511, 8, N'iconfont-diyu.png', N'/Storage/template/20150826/6357619845302760207525052.png', 2101, CAST(0x0000A50000F94424 AS DateTime), CAST(0x0000A50000F94424 AS DateTime),1)
INSERT [dbo].[Hishop_PhotoGallery] ([PhotoId], [CategoryId], [PhotoName], [PhotoPath], [FileSize], [UploadTime], [LastUpdateTime],[TypeId]) VALUES (3512, 8, N'iconfont-dollar.png', N'/Storage/template/20150826/6357619845310900325267623.png', 33153, CAST(0x0000A50000F9443D AS DateTime), CAST(0x0000A50000F9443D AS DateTime),1)
INSERT [dbo].[Hishop_PhotoGallery] ([PhotoId], [CategoryId], [PhotoName], [PhotoPath], [FileSize], [UploadTime], [LastUpdateTime],[TypeId]) VALUES (3513, 8, N'iconfont-emoji.png', N'/Storage/template/20150826/6357619845324480846523519.png', 3109, CAST(0x0000A50000F94465 AS DateTime), CAST(0x0000A50000F94465 AS DateTime),1)
INSERT [dbo].[Hishop_PhotoGallery] ([PhotoId], [CategoryId], [PhotoName], [PhotoPath], [FileSize], [UploadTime], [LastUpdateTime],[TypeId]) VALUES (3514, 8, N'iconfont-evaluate.png', N'/Storage/template/20150826/6357619845333980957495335.png', 3165, CAST(0x0000A50000F94482 AS DateTime), CAST(0x0000A50000F94482 AS DateTime),1)
INSERT [dbo].[Hishop_PhotoGallery] ([PhotoId], [CategoryId], [PhotoName], [PhotoPath], [FileSize], [UploadTime], [LastUpdateTime],[TypeId]) VALUES (3515, 8, N'iconfont-favorfill.png', N'/Storage/template/20150826/6357619845338041109251997.png', 1892, CAST(0x0000A50000F9448E AS DateTime), CAST(0x0000A50000F9448E AS DateTime),1)
INSERT [dbo].[Hishop_PhotoGallery] ([PhotoId], [CategoryId], [PhotoName], [PhotoPath], [FileSize], [UploadTime], [LastUpdateTime],[TypeId]) VALUES (3516, 8, N'iconfont-fenlei.png', N'/Storage/template/20150826/6357619845342661195237905.png', 1080, CAST(0x0000A50000F9449C AS DateTime), CAST(0x0000A50000F9449C AS DateTime),1)
INSERT [dbo].[Hishop_PhotoGallery] ([PhotoId], [CategoryId], [PhotoName], [PhotoPath], [FileSize], [UploadTime], [LastUpdateTime],[TypeId]) VALUES (3517, 8, N'iconfont-fenxiang.png', N'/Storage/template/20150826/6357619845346821341223813.png', 1582, CAST(0x0000A50000F944A8 AS DateTime), CAST(0x0000A50000F944A8 AS DateTime),1)
INSERT [dbo].[Hishop_PhotoGallery] ([PhotoId], [CategoryId], [PhotoName], [PhotoPath], [FileSize], [UploadTime], [LastUpdateTime],[TypeId]) VALUES (3518, 8, N'iconfont-filter.png', N'/Storage/template/20150826/6357619845350321542980476.png', 1631, CAST(0x0000A50000F944B3 AS DateTime), CAST(0x0000A50000F944B3 AS DateTime),1)
INSERT [dbo].[Hishop_PhotoGallery] ([PhotoId], [CategoryId], [PhotoName], [PhotoPath], [FileSize], [UploadTime], [LastUpdateTime],[TypeId]) VALUES (3519, 8, N'iconfont-form.png', N'/Storage/template/20150826/6357619845353721734737138.png', 1529, CAST(0x0000A50000F944BD AS DateTime), CAST(0x0000A50000F944BD AS DateTime),1)
INSERT [dbo].[Hishop_PhotoGallery] ([PhotoId], [CategoryId], [PhotoName], [PhotoPath], [FileSize], [UploadTime], [LastUpdateTime],[TypeId]) VALUES (3520, 8, N'iconfont-friend.png', N'/Storage/template/20150826/6357619845357781889723046.png', 3248, CAST(0x0000A50000F944C9 AS DateTime), CAST(0x0000A50000F944C9 AS DateTime),1)
INSERT [dbo].[Hishop_PhotoGallery] ([PhotoId], [CategoryId], [PhotoName], [PhotoPath], [FileSize], [UploadTime], [LastUpdateTime],[TypeId]) VALUES (3521, 8, N'iconfont-friendadd.png', N'/Storage/template/20150826/6357619845361942035708954.png', 2535, CAST(0x0000A50000F944D6 AS DateTime), CAST(0x0000A50000F944D6 AS DateTime),1)
INSERT [dbo].[Hishop_PhotoGallery] ([PhotoId], [CategoryId], [PhotoName], [PhotoPath], [FileSize], [UploadTime], [LastUpdateTime],[TypeId]) VALUES (3522, 8, N'iconfont-friendaddfill.png', N'/Storage/template/20150826/6357619845366102187465617.png', 1924, CAST(0x0000A50000F944E2 AS DateTime), CAST(0x0000A50000F944E2 AS DateTime),1)
INSERT [dbo].[Hishop_PhotoGallery] ([PhotoId], [CategoryId], [PhotoName], [PhotoPath], [FileSize], [UploadTime], [LastUpdateTime],[TypeId]) VALUES (3523, 8, N'iconfont-friendfamous.png', N'/Storage/template/20150826/6357619845374562588437433.png', 3302, CAST(0x0000A50000F944FC AS DateTime), CAST(0x0000A50000F944FC AS DateTime),1)
INSERT [dbo].[Hishop_PhotoGallery] ([PhotoId], [CategoryId], [PhotoName], [PhotoPath], [FileSize], [UploadTime], [LastUpdateTime],[TypeId]) VALUES (3524, 8, N'iconfont-friendfill.png', N'/Storage/template/20150826/6357619845379382688721513.png', 2462, CAST(0x0000A50000F9450A AS DateTime), CAST(0x0000A50000F9450A AS DateTime),1)
INSERT [dbo].[Hishop_PhotoGallery] ([PhotoId], [CategoryId], [PhotoName], [PhotoPath], [FileSize], [UploadTime], [LastUpdateTime],[TypeId]) VALUES (3525, 8, N'iconfont-gaoyu.png', N'/Storage/template/20150826/6357619845383642844707421.png', 2090, CAST(0x0000A50000F94517 AS DateTime), CAST(0x0000A50000F94517 AS DateTime),1)
INSERT [dbo].[Hishop_PhotoGallery] ([PhotoId], [CategoryId], [PhotoName], [PhotoPath], [FileSize], [UploadTime], [LastUpdateTime],[TypeId]) VALUES (3526, 8, N'iconfont-gongjiao.png', N'/Storage/template/20150826/6357619845386943036464083.png', 1502, CAST(0x0000A50000F94521 AS DateTime), CAST(0x0000A50000F94521 AS DateTime),1)
INSERT [dbo].[Hishop_PhotoGallery] ([PhotoId], [CategoryId], [PhotoName], [PhotoPath], [FileSize], [UploadTime], [LastUpdateTime],[TypeId]) VALUES (3527, 8, N'iconfont-gongzuoliuchengtu.png', N'/Storage/template/20150826/6357619845391103183922574.png', 1303, CAST(0x0000A50000F9452D AS DateTime), CAST(0x0000A50000F9452D AS DateTime),1)
INSERT [dbo].[Hishop_PhotoGallery] ([PhotoId], [CategoryId], [PhotoName], [PhotoPath], [FileSize], [UploadTime], [LastUpdateTime],[TypeId]) VALUES (3528, 8, N'iconfont-goods.png', N'/Storage/template/20150826/6357619845395463344206654.png', 2427, CAST(0x0000A50000F9453B AS DateTime), CAST(0x0000A50000F9453B AS DateTime),1)
INSERT [dbo].[Hishop_PhotoGallery] ([PhotoId], [CategoryId], [PhotoName], [PhotoPath], [FileSize], [UploadTime], [LastUpdateTime],[TypeId]) VALUES (3529, 8, N'iconfont-goumai.png', N'/Storage/template/20150826/6357619845400983493421807.png', 1930, CAST(0x0000A50000F9454B AS DateTime), CAST(0x0000A50000F9454B AS DateTime),1)
INSERT [dbo].[Hishop_PhotoGallery] ([PhotoId], [CategoryId], [PhotoName], [PhotoPath], [FileSize], [UploadTime], [LastUpdateTime],[TypeId]) VALUES (3530, 8, N'iconfont-gouwuche2.png', N'/Storage/template/20150826/6357619845405243645178470.png', 1651, CAST(0x0000A50000F94558 AS DateTime), CAST(0x0000A50000F94558 AS DateTime),1)
INSERT [dbo].[Hishop_PhotoGallery] ([PhotoId], [CategoryId], [PhotoName], [PhotoPath], [FileSize], [UploadTime], [LastUpdateTime],[TypeId]) VALUES (3531, 8, N'iconfont-guanyuwo.png', N'/Storage/template/20150826/6357619845408543836935132.png', 3742, CAST(0x0000A50000F94562 AS DateTime), CAST(0x0000A50000F94562 AS DateTime),1)
INSERT [dbo].[Hishop_PhotoGallery] ([PhotoId], [CategoryId], [PhotoName], [PhotoPath], [FileSize], [UploadTime], [LastUpdateTime],[TypeId]) VALUES (3532, 8, N'iconfont-home.png', N'/Storage/template/20150826/6357619845411844022921040.png', 2118, CAST(0x0000A50000F9456C AS DateTime), CAST(0x0000A50000F9456C AS DateTime),1)
INSERT [dbo].[Hishop_PhotoGallery] ([PhotoId], [CategoryId], [PhotoName], [PhotoPath], [FileSize], [UploadTime], [LastUpdateTime],[TypeId]) VALUES (3533, 8, N'iconfont-homefill.png', N'/Storage/template/20150826/6357619845416104184677703.png', 1576, CAST(0x0000A50000F94578 AS DateTime), CAST(0x0000A50000F94578 AS DateTime),1)
INSERT [dbo].[Hishop_PhotoGallery] ([PhotoId], [CategoryId], [PhotoName], [PhotoPath], [FileSize], [UploadTime], [LastUpdateTime],[TypeId]) VALUES (3534, 8, N'iconfont-imagetext.png', N'/Storage/template/20150826/6357619845424764595649519.png', 23694, CAST(0x0000A50000F94592 AS DateTime), CAST(0x0000A50000F94592 AS DateTime),1)
INSERT [dbo].[Hishop_PhotoGallery] ([PhotoId], [CategoryId], [PhotoName], [PhotoPath], [FileSize], [UploadTime], [LastUpdateTime],[TypeId]) VALUES (3535, 8, N'iconfont-leijipingjia.png', N'/Storage/template/20150826/6357619845431164959162844.png', 1725, CAST(0x0000A50000F945A5 AS DateTime), CAST(0x0000A50000F945A5 AS DateTime),1)
INSERT [dbo].[Hishop_PhotoGallery] ([PhotoId], [CategoryId], [PhotoName], [PhotoPath], [FileSize], [UploadTime], [LastUpdateTime],[TypeId]) VALUES (3536, 8, N'iconfont-likefill.png', N'/Storage/template/20150826/6357619845434284961919507.png', 1920, CAST(0x0000A50000F945AF AS DateTime), CAST(0x0000A50000F945AF AS DateTime),1)
INSERT [dbo].[Hishop_PhotoGallery] ([PhotoId], [CategoryId], [PhotoName], [PhotoPath], [FileSize], [UploadTime], [LastUpdateTime],[TypeId]) VALUES (3537, 8, N'iconfont-list.png', N'/Storage/template/20150826/6357619845438445116905414.png', 1561, CAST(0x0000A50000F945BC AS DateTime), CAST(0x0000A50000F945BC AS DateTime),1)
INSERT [dbo].[Hishop_PhotoGallery] ([PhotoId], [CategoryId], [PhotoName], [PhotoPath], [FileSize], [UploadTime], [LastUpdateTime],[TypeId]) VALUES (3538, 8, N'iconfont-mobiletao.png', N'/Storage/template/20150826/6357619845441945318662077.png', 3403, CAST(0x0000A50000F945C6 AS DateTime), CAST(0x0000A50000F945C6 AS DateTime),1)
INSERT [dbo].[Hishop_PhotoGallery] ([PhotoId], [CategoryId], [PhotoName], [PhotoPath], [FileSize], [UploadTime], [LastUpdateTime],[TypeId]) VALUES (3539, 8, N'iconfont-more.png', N'/Storage/template/20150826/6357619845445245506120568.png', 1266, CAST(0x0000A50000F945D0 AS DateTime), CAST(0x0000A50000F945D0 AS DateTime),1)
INSERT [dbo].[Hishop_PhotoGallery] ([PhotoId], [CategoryId], [PhotoName], [PhotoPath], [FileSize], [UploadTime], [LastUpdateTime],[TypeId]) VALUES (3540, 8, N'iconfont-moreandroid.png', N'/Storage/template/20150826/6357619845450965659633893.png', 1492, CAST(0x0000A50000F945E1 AS DateTime), CAST(0x0000A50000F945E1 AS DateTime),1)
INSERT [dbo].[Hishop_PhotoGallery] ([PhotoId], [CategoryId], [PhotoName], [PhotoPath], [FileSize], [UploadTime], [LastUpdateTime],[TypeId]) VALUES (3541, 8, N'iconfont-my.png', N'/Storage/template/20150826/6357619845454525772390556.png', 3527, CAST(0x0000A50000F945EC AS DateTime), CAST(0x0000A50000F945EC AS DateTime),1)
INSERT [dbo].[Hishop_PhotoGallery] ([PhotoId], [CategoryId], [PhotoName], [PhotoPath], [FileSize], [UploadTime], [LastUpdateTime],[TypeId]) VALUES (3542, 8, N'iconfont-myfill.png', N'/Storage/template/20150826/6357619845458626017376464.png', 2943, CAST(0x0000A50000F945F8 AS DateTime), CAST(0x0000A50000F945F8 AS DateTime),1)
INSERT [dbo].[Hishop_PhotoGallery] ([PhotoId], [CategoryId], [PhotoName], [PhotoPath], [FileSize], [UploadTime], [LastUpdateTime],[TypeId]) VALUES (3543, 8, N'iconfont-pay.png', N'/Storage/template/20150826/6357619845461726189133126.png', 1436, CAST(0x0000A50000F94601 AS DateTime), CAST(0x0000A50000F94601 AS DateTime),1)
INSERT [dbo].[Hishop_PhotoGallery] ([PhotoId], [CategoryId], [PhotoName], [PhotoPath], [FileSize], [UploadTime], [LastUpdateTime],[TypeId]) VALUES (3544, 8, N'iconfont-people.png', N'/Storage/template/20150826/6357619845466086351889789.png', 2763, CAST(0x0000A50000F9460E AS DateTime), CAST(0x0000A50000F9460E AS DateTime),1)
INSERT [dbo].[Hishop_PhotoGallery] ([PhotoId], [CategoryId], [PhotoName], [PhotoPath], [FileSize], [UploadTime], [LastUpdateTime],[TypeId]) VALUES (3545, 8, N'iconfont-peoplefill.png', N'/Storage/template/20150826/6357619845473346678632359.png', 1748, CAST(0x0000A50000F94624 AS DateTime), CAST(0x0000A50000F94624 AS DateTime),1)
INSERT [dbo].[Hishop_PhotoGallery] ([PhotoId], [CategoryId], [PhotoName], [PhotoPath], [FileSize], [UploadTime], [LastUpdateTime],[TypeId]) VALUES (3546, 8, N'iconfont-phone.png', N'/Storage/template/20150826/6357619845478326704618267.png', 3914, CAST(0x0000A50000F94633 AS DateTime), CAST(0x0000A50000F94633 AS DateTime),1)
INSERT [dbo].[Hishop_PhotoGallery] ([PhotoId], [CategoryId], [PhotoName], [PhotoPath], [FileSize], [UploadTime], [LastUpdateTime],[TypeId]) VALUES (3547, 8, N'iconfont-pic.png', N'/Storage/template/20150826/6357619845484246873833420.png', 1942, CAST(0x0000A50000F94645 AS DateTime), CAST(0x0000A50000F94645 AS DateTime),1)
INSERT [dbo].[Hishop_PhotoGallery] ([PhotoId], [CategoryId], [PhotoName], [PhotoPath], [FileSize], [UploadTime], [LastUpdateTime],[TypeId]) VALUES (3548, 8, N'iconfont-present.png', N'/Storage/template/20150826/6357619845488006995590083.png', 1942, CAST(0x0000A50000F94650 AS DateTime), CAST(0x0000A50000F94650 AS DateTime),1)
INSERT [dbo].[Hishop_PhotoGallery] ([PhotoId], [CategoryId], [PhotoName], [PhotoPath], [FileSize], [UploadTime], [LastUpdateTime],[TypeId]) VALUES (3549, 8, N'iconfont-presentfill.png', N'/Storage/template/20150826/6357619845491907221575991.png', 1940, CAST(0x0000A50000F9465C AS DateTime), CAST(0x0000A50000F9465C AS DateTime),1)
INSERT [dbo].[Hishop_PhotoGallery] ([PhotoId], [CategoryId], [PhotoName], [PhotoPath], [FileSize], [UploadTime], [LastUpdateTime],[TypeId]) VALUES (3550, 8, N'iconfont-profile.png', N'/Storage/template/20150826/6357619845495307413332654.png', 2781, CAST(0x0000A50000F94666 AS DateTime), CAST(0x0000A50000F94666 AS DateTime),1)
INSERT [dbo].[Hishop_PhotoGallery] ([PhotoId], [CategoryId], [PhotoName], [PhotoPath], [FileSize], [UploadTime], [LastUpdateTime],[TypeId]) VALUES (3551, 8, N'iconfont-qiang.png', N'/Storage/template/20150826/6357619845500927566845979.png', 2318, CAST(0x0000A50000F94677 AS DateTime), CAST(0x0000A50000F94677 AS DateTime),1)
INSERT [dbo].[Hishop_PhotoGallery] ([PhotoId], [CategoryId], [PhotoName], [PhotoPath], [FileSize], [UploadTime], [LastUpdateTime],[TypeId]) VALUES (3552, 8, N'iconfont-qrcode.png', N'/Storage/template/20150826/6357619845505087718602642.png', 2387, CAST(0x0000A50000F94683 AS DateTime), CAST(0x0000A50000F94683 AS DateTime),1)
INSERT [dbo].[Hishop_PhotoGallery] ([PhotoId], [CategoryId], [PhotoName], [PhotoPath], [FileSize], [UploadTime], [LastUpdateTime],[TypeId]) VALUES (3553, 8, N'iconfont-quanbudingdan.png', N'/Storage/template/20150826/6357619845508687924588550.png', 2108, CAST(0x0000A50000F9468E AS DateTime), CAST(0x0000A50000F9468E AS DateTime),1)
INSERT [dbo].[Hishop_PhotoGallery] ([PhotoId], [CategoryId], [PhotoName], [PhotoPath], [FileSize], [UploadTime], [LastUpdateTime],[TypeId]) VALUES (3554, 8, N'iconfont-questionfill.png', N'/Storage/template/20150826/6357619845514388249574457.png', 2384, CAST(0x0000A50000F9469F AS DateTime), CAST(0x0000A50000F9469F AS DateTime),1)
INSERT [dbo].[Hishop_PhotoGallery] ([PhotoId], [CategoryId], [PhotoName], [PhotoPath], [FileSize], [UploadTime], [LastUpdateTime],[TypeId]) VALUES (3555, 8, N'iconfont-recharge.png', N'/Storage/template/20150826/6357619845526488943302936.png', 2900, CAST(0x0000A50000F946C3 AS DateTime), CAST(0x0000A50000F946C3 AS DateTime),1)
INSERT [dbo].[Hishop_PhotoGallery] ([PhotoId], [CategoryId], [PhotoName], [PhotoPath], [FileSize], [UploadTime], [LastUpdateTime],[TypeId]) VALUES (3556, 8, N'iconfont-refund.png', N'/Storage/template/20150826/6357619845542089837788077.png', 3433, CAST(0x0000A50000F946F3 AS DateTime), CAST(0x0000A50000F946F3 AS DateTime),1)
GO
print 'Processed 300 total records'
INSERT [dbo].[Hishop_PhotoGallery] ([PhotoId], [CategoryId], [PhotoName], [PhotoPath], [FileSize], [UploadTime], [LastUpdateTime],[TypeId]) VALUES (3557, 8, N'iconfont-repair.png', N'/Storage/template/20150826/6357619845552290417287310.png', 3929, CAST(0x0000A50000F94711 AS DateTime), CAST(0x0000A50000F94711 AS DateTime),1)
INSERT [dbo].[Hishop_PhotoGallery] ([PhotoId], [CategoryId], [PhotoName], [PhotoPath], [FileSize], [UploadTime], [LastUpdateTime],[TypeId]) VALUES (3558, 8, N'iconfont-saoyisao.png', N'/Storage/template/20150826/6357619845562190988259126.png', 937, CAST(0x0000A50000F9472F AS DateTime), CAST(0x0000A50000F9472F AS DateTime),1)
INSERT [dbo].[Hishop_PhotoGallery] ([PhotoId], [CategoryId], [PhotoName], [PhotoPath], [FileSize], [UploadTime], [LastUpdateTime],[TypeId]) VALUES (3559, 8, N'iconfont-scan.png', N'/Storage/template/20150826/6357619845575591749515022.png', 1176, CAST(0x0000A50000F94757 AS DateTime), CAST(0x0000A50000F94757 AS DateTime),1)
INSERT [dbo].[Hishop_PhotoGallery] ([PhotoId], [CategoryId], [PhotoName], [PhotoPath], [FileSize], [UploadTime], [LastUpdateTime],[TypeId]) VALUES (3560, 8, N'iconfont-send.png', N'/Storage/template/20150826/6357619845585292301486838.png', 1348, CAST(0x0000A50000F94774 AS DateTime), CAST(0x0000A50000F94774 AS DateTime),1)
INSERT [dbo].[Hishop_PhotoGallery] ([PhotoId], [CategoryId], [PhotoName], [PhotoPath], [FileSize], [UploadTime], [LastUpdateTime],[TypeId]) VALUES (3561, 8, N'iconfont-service.png', N'/Storage/template/20150826/6357619845593992808229408.png', 3332, CAST(0x0000A50000F9478E AS DateTime), CAST(0x0000A50000F9478E AS DateTime),1)
INSERT [dbo].[Hishop_PhotoGallery] ([PhotoId], [CategoryId], [PhotoName], [PhotoPath], [FileSize], [UploadTime], [LastUpdateTime],[TypeId]) VALUES (3562, 8, N'iconfont-settings.png', N'/Storage/template/20150826/6357619845602193274499396.png', 3387, CAST(0x0000A50000F947A7 AS DateTime), CAST(0x0000A50000F947A7 AS DateTime),1)
INSERT [dbo].[Hishop_PhotoGallery] ([PhotoId], [CategoryId], [PhotoName], [PhotoPath], [FileSize], [UploadTime], [LastUpdateTime],[TypeId]) VALUES (3563, 8, N'iconfont-shangpin.png', N'/Storage/template/20150826/6357619845611293792241967.png', 1583, CAST(0x0000A50000F947C2 AS DateTime), CAST(0x0000A50000F947C2 AS DateTime),1)
INSERT [dbo].[Hishop_PhotoGallery] ([PhotoId], [CategoryId], [PhotoName], [PhotoPath], [FileSize], [UploadTime], [LastUpdateTime],[TypeId]) VALUES (3564, 8, N'iconfont-shichangxinkuan.png', N'/Storage/template/20150826/6357619845620794331741200.png', 3321, CAST(0x0000A50000F947DE AS DateTime), CAST(0x0000A50000F947DE AS DateTime),1)
INSERT [dbo].[Hishop_PhotoGallery] ([PhotoId], [CategoryId], [PhotoName], [PhotoPath], [FileSize], [UploadTime], [LastUpdateTime],[TypeId]) VALUES (3565, 8, N'iconfont-shop.png', N'/Storage/template/20150826/6357619845633095035942261.png', 2391, CAST(0x0000A50000F94803 AS DateTime), CAST(0x0000A50000F94803 AS DateTime),1)
INSERT [dbo].[Hishop_PhotoGallery] ([PhotoId], [CategoryId], [PhotoName], [PhotoPath], [FileSize], [UploadTime], [LastUpdateTime],[TypeId]) VALUES (3566, 8, N'iconfont-shopfill.png', N'/Storage/template/20150826/6357619845639395399455586.png', 1899, CAST(0x0000A50000F94816 AS DateTime), CAST(0x0000A50000F94816 AS DateTime),1)
INSERT [dbo].[Hishop_PhotoGallery] ([PhotoId], [CategoryId], [PhotoName], [PhotoPath], [FileSize], [UploadTime], [LastUpdateTime],[TypeId]) VALUES (3567, 8, N'iconfont-shoucang.png', N'/Storage/template/20150826/6357619845646795827198157.png', 2741, CAST(0x0000A50000F9482C AS DateTime), CAST(0x0000A50000F9482C AS DateTime),1)
INSERT [dbo].[Hishop_PhotoGallery] ([PhotoId], [CategoryId], [PhotoName], [PhotoPath], [FileSize], [UploadTime], [LastUpdateTime],[TypeId]) VALUES (3568, 8, N'iconfont-shouyea.png', N'/Storage/template/20150826/6357619845651796103184065.png', 2376, CAST(0x0000A50000F9483B AS DateTime), CAST(0x0000A50000F9483B AS DateTime),1)
INSERT [dbo].[Hishop_PhotoGallery] ([PhotoId], [CategoryId], [PhotoName], [PhotoPath], [FileSize], [UploadTime], [LastUpdateTime],[TypeId]) VALUES (3569, 8, N'iconfont-shouyeb.png', N'/Storage/template/20150826/6357619845660296598454053.png', 1691, CAST(0x0000A50000F94855 AS DateTime), CAST(0x0000A50000F94855 AS DateTime),1)
INSERT [dbo].[Hishop_PhotoGallery] ([PhotoId], [CategoryId], [PhotoName], [PhotoPath], [FileSize], [UploadTime], [LastUpdateTime],[TypeId]) VALUES (3570, 8, N'iconfont-similar.png', N'/Storage/template/20150826/6357619845669797139425869.png', 3567, CAST(0x0000A50000F94872 AS DateTime), CAST(0x0000A50000F94872 AS DateTime),1)
INSERT [dbo].[Hishop_PhotoGallery] ([PhotoId], [CategoryId], [PhotoName], [PhotoPath], [FileSize], [UploadTime], [LastUpdateTime],[TypeId]) VALUES (3571, 8, N'iconfont-sort.png', N'/Storage/template/20150826/6357619845680297738925102.png', 1232, CAST(0x0000A50000F94891 AS DateTime), CAST(0x0000A50000F94891 AS DateTime),1)
INSERT [dbo].[Hishop_PhotoGallery] ([PhotoId], [CategoryId], [PhotoName], [PhotoPath], [FileSize], [UploadTime], [LastUpdateTime],[TypeId]) VALUES (3572, 8, N'iconfont-sousuo.png', N'/Storage/template/20150826/6357619845688498206667672.png', 2413, CAST(0x0000A50000F948AA AS DateTime), CAST(0x0000A50000F948AA AS DateTime),1)
INSERT [dbo].[Hishop_PhotoGallery] ([PhotoId], [CategoryId], [PhotoName], [PhotoPath], [FileSize], [UploadTime], [LastUpdateTime],[TypeId]) VALUES (3573, 8, N'iconfont-tao.png', N'/Storage/template/20150826/6357619845695498605882826.png', 3225, CAST(0x0000A50000F948BE AS DateTime), CAST(0x0000A50000F948BE AS DateTime),1)
INSERT [dbo].[Hishop_PhotoGallery] ([PhotoId], [CategoryId], [PhotoName], [PhotoPath], [FileSize], [UploadTime], [LastUpdateTime],[TypeId]) VALUES (3574, 8, N'iconfont-taoxiaopu.png', N'/Storage/template/20150826/6357619845705699195382059.png', 1416, CAST(0x0000A50000F948DD AS DateTime), CAST(0x0000A50000F948DD AS DateTime),1)
INSERT [dbo].[Hishop_PhotoGallery] ([PhotoId], [CategoryId], [PhotoName], [PhotoPath], [FileSize], [UploadTime], [LastUpdateTime],[TypeId]) VALUES (3575, 8, N'iconfont-taxi.png', N'/Storage/template/20150826/6357619845713899653124629.png', 2785, CAST(0x0000A50000F948F6 AS DateTime), CAST(0x0000A50000F948F6 AS DateTime),1)
INSERT [dbo].[Hishop_PhotoGallery] ([PhotoId], [CategoryId], [PhotoName], [PhotoPath], [FileSize], [UploadTime], [LastUpdateTime],[TypeId]) VALUES (3576, 8, N'iconfont-tianmaochaoshigouwuche.png', N'/Storage/template/20150826/6357619845720700049867200.png', 1613, CAST(0x0000A50000F9490A AS DateTime), CAST(0x0000A50000F9490A AS DateTime),1)
INSERT [dbo].[Hishop_PhotoGallery] ([PhotoId], [CategoryId], [PhotoName], [PhotoPath], [FileSize], [UploadTime], [LastUpdateTime],[TypeId]) VALUES (3577, 8, N'iconfont-ticket.png', N'/Storage/template/20150826/6357619845732900749366433.png', 3448, CAST(0x0000A50000F9492F AS DateTime), CAST(0x0000A50000F9492F AS DateTime),1)
INSERT [dbo].[Hishop_PhotoGallery] ([PhotoId], [CategoryId], [PhotoName], [PhotoPath], [FileSize], [UploadTime], [LastUpdateTime],[TypeId]) VALUES (3578, 8, N'iconfont-tuwenxiangqing.png', N'/Storage/template/20150826/6357619845744101383094912.png', 2005, CAST(0x0000A50000F94951 AS DateTime), CAST(0x0000A50000F94951 AS DateTime),1)
INSERT [dbo].[Hishop_PhotoGallery] ([PhotoId], [CategoryId], [PhotoName], [PhotoPath], [FileSize], [UploadTime], [LastUpdateTime],[TypeId]) VALUES (3579, 8, N'iconfont-wangwang.png', N'/Storage/template/20150826/6357619845751401806608237.png', 2869, CAST(0x0000A50000F94966 AS DateTime), CAST(0x0000A50000F94966 AS DateTime),1)
INSERT [dbo].[Hishop_PhotoGallery] ([PhotoId], [CategoryId], [PhotoName], [PhotoPath], [FileSize], [UploadTime], [LastUpdateTime],[TypeId]) VALUES (3580, 8, N'iconfont-wodeyouhuijuan.png', N'/Storage/template/20150826/6357619845761002357580053.png', 1108, CAST(0x0000A50000F94983 AS DateTime), CAST(0x0000A50000F94983 AS DateTime),1)
INSERT [dbo].[Hishop_PhotoGallery] ([PhotoId], [CategoryId], [PhotoName], [PhotoPath], [FileSize], [UploadTime], [LastUpdateTime],[TypeId]) VALUES (3581, 9, N'iconfont-auto.png', N'/Storage/template/20150826/6357619848406561921540718.png', 30960, CAST(0x0000A50000F96884 AS DateTime), CAST(0x0000A50000F96884 AS DateTime),1)
INSERT [dbo].[Hishop_PhotoGallery] ([PhotoId], [CategoryId], [PhotoName], [PhotoPath], [FileSize], [UploadTime], [LastUpdateTime],[TypeId]) VALUES (3582, 9, N'iconfont-chuzu.png', N'/Storage/template/20150826/6357619848413562338283289.png', 1850, CAST(0x0000A50000F96899 AS DateTime), CAST(0x0000A50000F96899 AS DateTime),1)
INSERT [dbo].[Hishop_PhotoGallery] ([PhotoId], [CategoryId], [PhotoName], [PhotoPath], [FileSize], [UploadTime], [LastUpdateTime],[TypeId]) VALUES (3583, 9, N'iconfont-chuzuche.png', N'/Storage/template/20150826/6357619848419262658567369.png', 3052, CAST(0x0000A50000F968AA AS DateTime), CAST(0x0000A50000F968AA AS DateTime),1)
INSERT [dbo].[Hishop_PhotoGallery] ([PhotoId], [CategoryId], [PhotoName], [PhotoPath], [FileSize], [UploadTime], [LastUpdateTime],[TypeId]) VALUES (3584, 9, N'iconfont-daba.png', N'/Storage/template/20150826/6357619848426163056309939.png', 1697, CAST(0x0000A50000F968BF AS DateTime), CAST(0x0000A50000F968BF AS DateTime),1)
INSERT [dbo].[Hishop_PhotoGallery] ([PhotoId], [CategoryId], [PhotoName], [PhotoPath], [FileSize], [UploadTime], [LastUpdateTime],[TypeId]) VALUES (3585, 9, N'iconfont-deliver.png', N'/Storage/template/20150826/6357619848436543387281755.png', 2317, CAST(0x0000A50000F968DE AS DateTime), CAST(0x0000A50000F968DE AS DateTime),1)
INSERT [dbo].[Hishop_PhotoGallery] ([PhotoId], [CategoryId], [PhotoName], [PhotoPath], [FileSize], [UploadTime], [LastUpdateTime],[TypeId]) VALUES (3586, 9, N'iconfont-feiji.png', N'/Storage/template/20150826/6357619848443943805024326.png', 2071, CAST(0x0000A50000F968F4 AS DateTime), CAST(0x0000A50000F968F4 AS DateTime),1)
INSERT [dbo].[Hishop_PhotoGallery] ([PhotoId], [CategoryId], [PhotoName], [PhotoPath], [FileSize], [UploadTime], [LastUpdateTime],[TypeId]) VALUES (3587, 9, N'iconfont-gongjiao.png', N'/Storage/template/20150826/6357619848453224075996141.png', 1502, CAST(0x0000A50000F96910 AS DateTime), CAST(0x0000A50000F96910 AS DateTime),1)
INSERT [dbo].[Hishop_PhotoGallery] ([PhotoId], [CategoryId], [PhotoName], [PhotoPath], [FileSize], [UploadTime], [LastUpdateTime],[TypeId]) VALUES (3588, 9, N'iconfont-huiliuqujinkoushipin.png', N'/Storage/template/20150826/6357619848461024523738712.png', 2121, CAST(0x0000A50000F96927 AS DateTime), CAST(0x0000A50000F96927 AS DateTime),1)
INSERT [dbo].[Hishop_PhotoGallery] ([PhotoId], [CategoryId], [PhotoName], [PhotoPath], [FileSize], [UploadTime], [LastUpdateTime],[TypeId]) VALUES (3589, 9, N'iconfont-jiaotong.png', N'/Storage/template/20150826/6357619848467484807252037.png', 1781, CAST(0x0000A50000F9693B AS DateTime), CAST(0x0000A50000F9693B AS DateTime),1)
INSERT [dbo].[Hishop_PhotoGallery] ([PhotoId], [CategoryId], [PhotoName], [PhotoPath], [FileSize], [UploadTime], [LastUpdateTime],[TypeId]) VALUES (3590, 9, N'iconfont-jiaoyin.png', N'/Storage/template/20150826/6357619848474605044994608.png', 2659, CAST(0x0000A50000F96950 AS DateTime), CAST(0x0000A50000F96950 AS DateTime),1)
INSERT [dbo].[Hishop_PhotoGallery] ([PhotoId], [CategoryId], [PhotoName], [PhotoPath], [FileSize], [UploadTime], [LastUpdateTime],[TypeId]) VALUES (3591, 9, N'iconfont-kuaidi.png', N'/Storage/template/20150826/6357619848481105418507933.png', 2078, CAST(0x0000A50000F96963 AS DateTime), CAST(0x0000A50000F96963 AS DateTime),1)
INSERT [dbo].[Hishop_PhotoGallery] ([PhotoId], [CategoryId], [PhotoName], [PhotoPath], [FileSize], [UploadTime], [LastUpdateTime],[TypeId]) VALUES (3592, 9, N'iconfont-tielu.png', N'/Storage/template/20150826/6357619848487605787723086.png', 1856, CAST(0x0000A50000F96977 AS DateTime), CAST(0x0000A50000F96977 AS DateTime),1)
INSERT [dbo].[Hishop_PhotoGallery] ([PhotoId], [CategoryId], [PhotoName], [PhotoPath], [FileSize], [UploadTime], [LastUpdateTime],[TypeId]) VALUES (3593, 9, N'iconfont-zhitongche.png', N'/Storage/template/20150826/6357619848493625952236412.png', 4387, CAST(0x0000A50000F96989 AS DateTime), CAST(0x0000A50000F96989 AS DateTime),1)
INSERT [dbo].[Hishop_PhotoGallery] ([PhotoId], [CategoryId], [PhotoName], [PhotoPath], [FileSize], [UploadTime], [LastUpdateTime],[TypeId]) VALUES (3594, 11, N'iconfont-bijiben.png', N'/Storage/template/20150826/6357619852054398033834495.png', 1287, CAST(0x0000A50000F99343 AS DateTime), CAST(0x0000A50000F99343 AS DateTime),1)
INSERT [dbo].[Hishop_PhotoGallery] ([PhotoId], [CategoryId], [PhotoName], [PhotoPath], [FileSize], [UploadTime], [LastUpdateTime],[TypeId]) VALUES (3595, 11, N'iconfont-bingxiang.png', N'/Storage/template/20150826/6357619852060898403049648.png', 1146, CAST(0x0000A50000F99357 AS DateTime), CAST(0x0000A50000F99357 AS DateTime),1)
INSERT [dbo].[Hishop_PhotoGallery] ([PhotoId], [CategoryId], [PhotoName], [PhotoPath], [FileSize], [UploadTime], [LastUpdateTime],[TypeId]) VALUES (3596, 11, N'iconfont-chuang.png', N'/Storage/template/20150826/6357619852068498839792219.png', 1884, CAST(0x0000A50000F9936D AS DateTime), CAST(0x0000A50000F9936D AS DateTime),1)
INSERT [dbo].[Hishop_PhotoGallery] ([PhotoId], [CategoryId], [PhotoName], [PhotoPath], [FileSize], [UploadTime], [LastUpdateTime],[TypeId]) VALUES (3597, 11, N'iconfont-danfanxiangji.png', N'/Storage/template/20150826/6357619852077319177534790.png', 2124, CAST(0x0000A50000F99388 AS DateTime), CAST(0x0000A50000F99388 AS DateTime),1)
INSERT [dbo].[Hishop_PhotoGallery] ([PhotoId], [CategoryId], [PhotoName], [PhotoPath], [FileSize], [UploadTime], [LastUpdateTime],[TypeId]) VALUES (3598, 11, N'iconfont-daohangyi.png', N'/Storage/template/20150826/6357619852085139445277360.png', 1304, CAST(0x0000A50000F993A0 AS DateTime), CAST(0x0000A50000F993A0 AS DateTime),1)
INSERT [dbo].[Hishop_PhotoGallery] ([PhotoId], [CategoryId], [PhotoName], [PhotoPath], [FileSize], [UploadTime], [LastUpdateTime],[TypeId]) VALUES (3599, 11, N'iconfont-dengshanxie.png', N'/Storage/template/20150826/6357619852095119754776593.png', 1837, CAST(0x0000A50000F993BD AS DateTime), CAST(0x0000A50000F993BD AS DateTime),1)
INSERT [dbo].[Hishop_PhotoGallery] ([PhotoId], [CategoryId], [PhotoName], [PhotoPath], [FileSize], [UploadTime], [LastUpdateTime],[TypeId]) VALUES (3600, 11, N'iconfont-dianchi.png', N'/Storage/template/20150826/6357619852102039978289919.png', 1020, CAST(0x0000A50000F993D2 AS DateTime), CAST(0x0000A50000F993D2 AS DateTime),1)
INSERT [dbo].[Hishop_PhotoGallery] ([PhotoId], [CategoryId], [PhotoName], [PhotoPath], [FileSize], [UploadTime], [LastUpdateTime],[TypeId]) VALUES (3601, 11, N'iconfont-dianfanguo.png', N'/Storage/template/20150826/6357619852109960256032489.png', 1827, CAST(0x0000A50000F993EA AS DateTime), CAST(0x0000A50000F993EA AS DateTime),1)
INSERT [dbo].[Hishop_PhotoGallery] ([PhotoId], [CategoryId], [PhotoName], [PhotoPath], [FileSize], [UploadTime], [LastUpdateTime],[TypeId]) VALUES (3602, 11, N'iconfont-dianshiji.png', N'/Storage/template/20150826/6357619852117760703775060.png', 922, CAST(0x0000A50000F99402 AS DateTime), CAST(0x0000A50000F99402 AS DateTime),1)
INSERT [dbo].[Hishop_PhotoGallery] ([PhotoId], [CategoryId], [PhotoName], [PhotoPath], [FileSize], [UploadTime], [LastUpdateTime],[TypeId]) VALUES (3603, 11, N'iconfont-diaodai.png', N'/Storage/template/20150826/6357619852124661091517630.png', 1774, CAST(0x0000A50000F99416 AS DateTime), CAST(0x0000A50000F99416 AS DateTime),1)
INSERT [dbo].[Hishop_PhotoGallery] ([PhotoId], [CategoryId], [PhotoName], [PhotoPath], [FileSize], [UploadTime], [LastUpdateTime],[TypeId]) VALUES (3604, 11, N'iconfont-gaoerfugan.png', N'/Storage/template/20150826/6357619852129861396503538.png', 2346, CAST(0x0000A50000F99426 AS DateTime), CAST(0x0000A50000F99426 AS DateTime),1)
INSERT [dbo].[Hishop_PhotoGallery] ([PhotoId], [CategoryId], [PhotoName], [PhotoPath], [FileSize], [UploadTime], [LastUpdateTime],[TypeId]) VALUES (3605, 11, N'iconfont-gaogenxie.png', N'/Storage/template/20150826/6357619852135281532489446.png', 1972, CAST(0x0000A50000F99436 AS DateTime), CAST(0x0000A50000F99436 AS DateTime),1)
INSERT [dbo].[Hishop_PhotoGallery] ([PhotoId], [CategoryId], [PhotoName], [PhotoPath], [FileSize], [UploadTime], [LastUpdateTime],[TypeId]) VALUES (3606, 11, N'iconfont-hufupin.png', N'/Storage/template/20150826/6357619852143181987759434.png', 1314, CAST(0x0000A50000F9944E AS DateTime), CAST(0x0000A50000F9944E AS DateTime),1)
INSERT [dbo].[Hishop_PhotoGallery] ([PhotoId], [CategoryId], [PhotoName], [PhotoPath], [FileSize], [UploadTime], [LastUpdateTime],[TypeId]) VALUES (3607, 11, N'iconfont-jiandao.png', N'/Storage/template/20150826/6357619852150862166974587.png', 3112, CAST(0x0000A50000F99465 AS DateTime), CAST(0x0000A50000F99465 AS DateTime),1)
INSERT [dbo].[Hishop_PhotoGallery] ([PhotoId], [CategoryId], [PhotoName], [PhotoPath], [FileSize], [UploadTime], [LastUpdateTime],[TypeId]) VALUES (3608, 11, N'iconfont-jianguo.png', N'/Storage/template/20150826/6357619852154722302960495.png', 2481, CAST(0x0000A50000F99470 AS DateTime), CAST(0x0000A50000F99470 AS DateTime),1)
INSERT [dbo].[Hishop_PhotoGallery] ([PhotoId], [CategoryId], [PhotoName], [PhotoPath], [FileSize], [UploadTime], [LastUpdateTime],[TypeId]) VALUES (3609, 11, N'iconfont-jiashiqi.png', N'/Storage/template/20150826/6357619852159122553244575.png', 2098, CAST(0x0000A50000F9947D AS DateTime), CAST(0x0000A50000F9947D AS DateTime),1)
INSERT [dbo].[Hishop_PhotoGallery] ([PhotoId], [CategoryId], [PhotoName], [PhotoPath], [FileSize], [UploadTime], [LastUpdateTime],[TypeId]) VALUES (3610, 11, N'iconfont-jiezhi.png', N'/Storage/template/20150826/6357619852162122729703066.png', 3490, CAST(0x0000A50000F99487 AS DateTime), CAST(0x0000A50000F99487 AS DateTime),1)
INSERT [dbo].[Hishop_PhotoGallery] ([PhotoId], [CategoryId], [PhotoName], [PhotoPath], [FileSize], [UploadTime], [LastUpdateTime],[TypeId]) VALUES (3611, 11, N'iconfont-jiu.png', N'/Storage/template/20150826/6357619852168042889987146.png', 1091, CAST(0x0000A50000F99498 AS DateTime), CAST(0x0000A50000F99498 AS DateTime),1)
INSERT [dbo].[Hishop_PhotoGallery] ([PhotoId], [CategoryId], [PhotoName], [PhotoPath], [FileSize], [UploadTime], [LastUpdateTime],[TypeId]) VALUES (3612, 11, N'iconfont-kuzi.png', N'/Storage/template/20150826/6357619852175703247729716.png', 2325, CAST(0x0000A50000F994AF AS DateTime), CAST(0x0000A50000F994AF AS DateTime),1)
INSERT [dbo].[Hishop_PhotoGallery] ([PhotoId], [CategoryId], [PhotoName], [PhotoPath], [FileSize], [UploadTime], [LastUpdateTime],[TypeId]) VALUES (3613, 11, N'iconfont-leqi.png', N'/Storage/template/20150826/6357619852180363423715624.png', 2137, CAST(0x0000A50000F994BD AS DateTime), CAST(0x0000A50000F994BD AS DateTime),1)
INSERT [dbo].[Hishop_PhotoGallery] ([PhotoId], [CategoryId], [PhotoName], [PhotoPath], [FileSize], [UploadTime], [LastUpdateTime],[TypeId]) VALUES (3614, 11, N'iconfont-lianyiqun.png', N'/Storage/template/20150826/6357619852183663605472287.png', 2026, CAST(0x0000A50000F994C7 AS DateTime), CAST(0x0000A50000F994C7 AS DateTime),1)
INSERT [dbo].[Hishop_PhotoGallery] ([PhotoId], [CategoryId], [PhotoName], [PhotoPath], [FileSize], [UploadTime], [LastUpdateTime],[TypeId]) VALUES (3615, 11, N'iconfont-luntai.png', N'/Storage/template/20150826/6357619852187363821458195.png', 4798, CAST(0x0000A50000F994D2 AS DateTime), CAST(0x0000A50000F994D2 AS DateTime),1)
INSERT [dbo].[Hishop_PhotoGallery] ([PhotoId], [CategoryId], [PhotoName], [PhotoPath], [FileSize], [UploadTime], [LastUpdateTime],[TypeId]) VALUES (3616, 11, N'iconfont-lvguo.png', N'/Storage/template/20150826/6357619852192964146444103.png', 1595, CAST(0x0000A50000F994E3 AS DateTime), CAST(0x0000A50000F994E3 AS DateTime),1)
INSERT [dbo].[Hishop_PhotoGallery] ([PhotoId], [CategoryId], [PhotoName], [PhotoPath], [FileSize], [UploadTime], [LastUpdateTime],[TypeId]) VALUES (3617, 11, N'iconfont-maozi.png', N'/Storage/template/20150826/6357619852200844334186673.png', 1133, CAST(0x0000A50000F994FB AS DateTime), CAST(0x0000A50000F994FB AS DateTime),1)
INSERT [dbo].[Hishop_PhotoGallery] ([PhotoId], [CategoryId], [PhotoName], [PhotoPath], [FileSize], [UploadTime], [LastUpdateTime],[TypeId]) VALUES (3618, 11, N'iconfont-MP3.png', N'/Storage/template/20150826/6357619852205104499172581.png', 1644, CAST(0x0000A50000F99508 AS DateTime), CAST(0x0000A50000F99508 AS DateTime),1)
INSERT [dbo].[Hishop_PhotoGallery] ([PhotoId], [CategoryId], [PhotoName], [PhotoPath], [FileSize], [UploadTime], [LastUpdateTime],[TypeId]) VALUES (3619, 11, N'iconfont-naifen.png', N'/Storage/template/20150826/6357619852209104715158489.png', 2101, CAST(0x0000A50000F99513 AS DateTime), CAST(0x0000A50000F99513 AS DateTime),1)
INSERT [dbo].[Hishop_PhotoGallery] ([PhotoId], [CategoryId], [PhotoName], [PhotoPath], [FileSize], [UploadTime], [LastUpdateTime],[TypeId]) VALUES (3620, 11, N'iconfont-naiping.png', N'/Storage/template/20150826/6357619852212204896915152.png', 1372, CAST(0x0000A50000F9951D AS DateTime), CAST(0x0000A50000F9951D AS DateTime),1)
INSERT [dbo].[Hishop_PhotoGallery] ([PhotoId], [CategoryId], [PhotoName], [PhotoPath], [FileSize], [UploadTime], [LastUpdateTime],[TypeId]) VALUES (3621, 11, N'iconfont-neiyi.png', N'/Storage/template/20150826/6357619852216065038671814.png', 1893, CAST(0x0000A50000F99528 AS DateTime), CAST(0x0000A50000F99528 AS DateTime),1)
INSERT [dbo].[Hishop_PhotoGallery] ([PhotoId], [CategoryId], [PhotoName], [PhotoPath], [FileSize], [UploadTime], [LastUpdateTime],[TypeId]) VALUES (3622, 11, N'iconfont-neiyinanzhuang.png', N'/Storage/template/20150826/6357619852227605342400293.png', 2542, CAST(0x0000A50000F9954B AS DateTime), CAST(0x0000A50000F9954B AS DateTime),1)
INSERT [dbo].[Hishop_PhotoGallery] ([PhotoId], [CategoryId], [PhotoName], [PhotoPath], [FileSize], [UploadTime], [LastUpdateTime],[TypeId]) VALUES (3623, 11, N'iconfont-niaobushi.png', N'/Storage/template/20150826/6357619852234325555913618.png', 1626, CAST(0x0000A50000F9955F AS DateTime), CAST(0x0000A50000F9955F AS DateTime),1)
INSERT [dbo].[Hishop_PhotoGallery] ([PhotoId], [CategoryId], [PhotoName], [PhotoPath], [FileSize], [UploadTime], [LastUpdateTime],[TypeId]) VALUES (3624, 11, N'iconfont-nvbao.png', N'/Storage/template/20150826/6357619852237425737670281.png', 2116, CAST(0x0000A50000F99569 AS DateTime), CAST(0x0000A50000F99569 AS DateTime),1)
INSERT [dbo].[Hishop_PhotoGallery] ([PhotoId], [CategoryId], [PhotoName], [PhotoPath], [FileSize], [UploadTime], [LastUpdateTime],[TypeId]) VALUES (3625, 11, N'iconfont-nvxie.png', N'/Storage/template/20150826/6357619852241085855128771.png', 2981, CAST(0x0000A50000F99573 AS DateTime), CAST(0x0000A50000F99573 AS DateTime),1)
INSERT [dbo].[Hishop_PhotoGallery] ([PhotoId], [CategoryId], [PhotoName], [PhotoPath], [FileSize], [UploadTime], [LastUpdateTime],[TypeId]) VALUES (3626, 11, N'iconfont-paobuji.png', N'/Storage/template/20150826/6357619852245646035412851.png', 1583, CAST(0x0000A50000F99581 AS DateTime), CAST(0x0000A50000F99581 AS DateTime),1)
INSERT [dbo].[Hishop_PhotoGallery] ([PhotoId], [CategoryId], [PhotoName], [PhotoPath], [FileSize], [UploadTime], [LastUpdateTime],[TypeId]) VALUES (3627, 11, N'iconfont-pingbandiannao.png', N'/Storage/template/20150826/6357619852250966164628005.png', 1027, CAST(0x0000A50000F99591 AS DateTime), CAST(0x0000A50000F99591 AS DateTime),1)
INSERT [dbo].[Hishop_PhotoGallery] ([PhotoId], [CategoryId], [PhotoName], [PhotoPath], [FileSize], [UploadTime], [LastUpdateTime],[TypeId]) VALUES (3628, 11, N'iconfont-pixie.png', N'/Storage/template/20150826/6357619852255326326384667.png', 1648, CAST(0x0000A50000F9959E AS DateTime), CAST(0x0000A50000F9959E AS DateTime),1)
INSERT [dbo].[Hishop_PhotoGallery] ([PhotoId], [CategoryId], [PhotoName], [PhotoPath], [FileSize], [UploadTime], [LastUpdateTime],[TypeId]) VALUES (3629, 11, N'iconfont-PMP.png', N'/Storage/template/20150826/6357619852259326552370575.png', 1208, CAST(0x0000A50000F995AA AS DateTime), CAST(0x0000A50000F995AA AS DateTime),1)
INSERT [dbo].[Hishop_PhotoGallery] ([PhotoId], [CategoryId], [PhotoName], [PhotoPath], [FileSize], [UploadTime], [LastUpdateTime],[TypeId]) VALUES (3630, 11, N'iconfont-qiandai.png', N'/Storage/template/20150826/6357619852266086855883900.png', 2526, CAST(0x0000A50000F995BE AS DateTime), CAST(0x0000A50000F995BE AS DateTime),1)
INSERT [dbo].[Hishop_PhotoGallery] ([PhotoId], [CategoryId], [PhotoName], [PhotoPath], [FileSize], [UploadTime], [LastUpdateTime],[TypeId]) VALUES (3631, 11, N'iconfont-qingjiji.png', N'/Storage/template/20150826/6357619852274947276855716.png', 1597, CAST(0x0000A50000F995D9 AS DateTime), CAST(0x0000A50000F995D9 AS DateTime),1)
INSERT [dbo].[Hishop_PhotoGallery] ([PhotoId], [CategoryId], [PhotoName], [PhotoPath], [FileSize], [UploadTime], [LastUpdateTime],[TypeId]) VALUES (3632, 11, N'iconfont-qunzi.png', N'/Storage/template/20150826/6357619852279367352841624.png', 1610, CAST(0x0000A50000F995E6 AS DateTime), CAST(0x0000A50000F995E6 AS DateTime),1)
INSERT [dbo].[Hishop_PhotoGallery] ([PhotoId], [CategoryId], [PhotoName], [PhotoPath], [FileSize], [UploadTime], [LastUpdateTime],[TypeId]) VALUES (3633, 11, N'iconfont-shafa.png', N'/Storage/template/20150826/6357619852284627563125704.png', 1362, CAST(0x0000A50000F995F6 AS DateTime), CAST(0x0000A50000F995F6 AS DateTime),1)
INSERT [dbo].[Hishop_PhotoGallery] ([PhotoId], [CategoryId], [PhotoName], [PhotoPath], [FileSize], [UploadTime], [LastUpdateTime],[TypeId]) VALUES (3634, 11, N'iconfont-shiwu.png', N'/Storage/template/20150826/6357619852292607769868275.png', 2864, CAST(0x0000A50000F9960E AS DateTime), CAST(0x0000A50000F9960E AS DateTime),1)
INSERT [dbo].[Hishop_PhotoGallery] ([PhotoId], [CategoryId], [PhotoName], [PhotoPath], [FileSize], [UploadTime], [LastUpdateTime],[TypeId]) VALUES (3635, 11, N'iconfont-shoubiao.png', N'/Storage/template/20150826/6357619852296767915854183.png', 2529, CAST(0x0000A50000F9961A AS DateTime), CAST(0x0000A50000F9961A AS DateTime),1)
INSERT [dbo].[Hishop_PhotoGallery] ([PhotoId], [CategoryId], [PhotoName], [PhotoPath], [FileSize], [UploadTime], [LastUpdateTime],[TypeId]) VALUES (3636, 11, N'iconfont-shouji.png', N'/Storage/template/20150826/6357619852300468127610845.png', 1174, CAST(0x0000A50000F99625 AS DateTime), CAST(0x0000A50000F99625 AS DateTime),1)
INSERT [dbo].[Hishop_PhotoGallery] ([PhotoId], [CategoryId], [PhotoName], [PhotoPath], [FileSize], [UploadTime], [LastUpdateTime],[TypeId]) VALUES (3637, 11, N'iconfont-shuzhuo.png', N'/Storage/template/20150826/6357619852304468353596753.png', 1028, CAST(0x0000A50000F99631 AS DateTime), CAST(0x0000A50000F99631 AS DateTime),1)
INSERT [dbo].[Hishop_PhotoGallery] ([PhotoId], [CategoryId], [PhotoName], [PhotoPath], [FileSize], [UploadTime], [LastUpdateTime],[TypeId]) VALUES (3638, 11, N'iconfont-touyingyi.png', N'/Storage/template/20150826/6357619852307828465353416.png', 2096, CAST(0x0000A50000F9963B AS DateTime), CAST(0x0000A50000F9963B AS DateTime),1)
INSERT [dbo].[Hishop_PhotoGallery] ([PhotoId], [CategoryId], [PhotoName], [PhotoPath], [FileSize], [UploadTime], [LastUpdateTime],[TypeId]) VALUES (3639, 11, N'iconfont-tushu.png', N'/Storage/template/20150826/6357619852312088621339324.png', 1601, CAST(0x0000A50000F99648 AS DateTime), CAST(0x0000A50000F99648 AS DateTime),1)
INSERT [dbo].[Hishop_PhotoGallery] ([PhotoId], [CategoryId], [PhotoName], [PhotoPath], [FileSize], [UploadTime], [LastUpdateTime],[TypeId]) VALUES (3640, 11, N'iconfont-Txu.png', N'/Storage/template/20150826/6357619852318288979554477.png', 2348, CAST(0x0000A50000F9965B AS DateTime), CAST(0x0000A50000F9965B AS DateTime),1)
INSERT [dbo].[Hishop_PhotoGallery] ([PhotoId], [CategoryId], [PhotoName], [PhotoPath], [FileSize], [UploadTime], [LastUpdateTime],[TypeId]) VALUES (3641, 11, N'iconfont-wanju.png', N'/Storage/template/20150826/6357619852325449294067802.png', 1305, CAST(0x0000A50000F99670 AS DateTime), CAST(0x0000A50000F99670 AS DateTime),1)
INSERT [dbo].[Hishop_PhotoGallery] ([PhotoId], [CategoryId], [PhotoName], [PhotoPath], [FileSize], [UploadTime], [LastUpdateTime],[TypeId]) VALUES (3642, 11, N'iconfont-weishengmian.png', N'/Storage/template/20150826/6357619852329709459053710.png', 2594, CAST(0x0000A50000F9967D AS DateTime), CAST(0x0000A50000F9967D AS DateTime),1)
INSERT [dbo].[Hishop_PhotoGallery] ([PhotoId], [CategoryId], [PhotoName], [PhotoPath], [FileSize], [UploadTime], [LastUpdateTime],[TypeId]) VALUES (3643, 11, N'iconfont-xianglian.png', N'/Storage/template/20150826/6357619852333709685039618.png', 3007, CAST(0x0000A50000F99689 AS DateTime), CAST(0x0000A50000F99689 AS DateTime),1)
INSERT [dbo].[Hishop_PhotoGallery] ([PhotoId], [CategoryId], [PhotoName], [PhotoPath], [FileSize], [UploadTime], [LastUpdateTime],[TypeId]) VALUES (3644, 11, N'iconfont-xianshiqi.png', N'/Storage/template/20150826/6357619852337109876796281.png', 922, CAST(0x0000A50000F99693 AS DateTime), CAST(0x0000A50000F99693 AS DateTime),1)
INSERT [dbo].[Hishop_PhotoGallery] ([PhotoId], [CategoryId], [PhotoName], [PhotoPath], [FileSize], [UploadTime], [LastUpdateTime],[TypeId]) VALUES (3645, 11, N'iconfont-xizhuang.png', N'/Storage/template/20150826/6357619852341170028552943.png', 3570, CAST(0x0000A50000F996A0 AS DateTime), CAST(0x0000A50000F996A0 AS DateTime),1)
INSERT [dbo].[Hishop_PhotoGallery] ([PhotoId], [CategoryId], [PhotoName], [PhotoPath], [FileSize], [UploadTime], [LastUpdateTime],[TypeId]) VALUES (3646, 11, N'iconfont-yingerche.png', N'/Storage/template/20150826/6357619852345630194538851.png', 2661, CAST(0x0000A50000F996AD AS DateTime), CAST(0x0000A50000F996AD AS DateTime),1)
INSERT [dbo].[Hishop_PhotoGallery] ([PhotoId], [CategoryId], [PhotoName], [PhotoPath], [FileSize], [UploadTime], [LastUpdateTime],[TypeId]) VALUES (3647, 11, N'iconfont-yingerchuang.png', N'/Storage/template/20150826/6357619852349490329524759.png', 1011, CAST(0x0000A50000F996B8 AS DateTime), CAST(0x0000A50000F996B8 AS DateTime),1)
INSERT [dbo].[Hishop_PhotoGallery] ([PhotoId], [CategoryId], [PhotoName], [PhotoPath], [FileSize], [UploadTime], [LastUpdateTime],[TypeId]) VALUES (3648, 11, N'iconfont-yinliao.png', N'/Storage/template/20150826/6357619852353850489808839.png', 1978, CAST(0x0000A50000F996C6 AS DateTime), CAST(0x0000A50000F996C6 AS DateTime),1)
INSERT [dbo].[Hishop_PhotoGallery] ([PhotoId], [CategoryId], [PhotoName], [PhotoPath], [FileSize], [UploadTime], [LastUpdateTime],[TypeId]) VALUES (3649, 11, N'iconfont-yinxiang.png', N'/Storage/template/20150826/6357619852358850775794747.png', 2223, CAST(0x0000A50000F996D5 AS DateTime), CAST(0x0000A50000F996D5 AS DateTime),1)
INSERT [dbo].[Hishop_PhotoGallery] ([PhotoId], [CategoryId], [PhotoName], [PhotoPath], [FileSize], [UploadTime], [LastUpdateTime],[TypeId]) VALUES (3650, 11, N'iconfont-yundong.png', N'/Storage/template/20150826/6357619852366751223537318.png', 2393, CAST(0x0000A50000F996EC AS DateTime), CAST(0x0000A50000F996EC AS DateTime),1)
INSERT [dbo].[Hishop_PhotoGallery] ([PhotoId], [CategoryId], [PhotoName], [PhotoPath], [FileSize], [UploadTime], [LastUpdateTime],[TypeId]) VALUES (3651, 11, N'iconfont-yundongxie.png', N'/Storage/template/20150826/6357619852380652029495041.png', 1932, CAST(0x0000A50000F99716 AS DateTime), CAST(0x0000A50000F99716 AS DateTime),1)
INSERT [dbo].[Hishop_PhotoGallery] ([PhotoId], [CategoryId], [PhotoName], [PhotoPath], [FileSize], [UploadTime], [LastUpdateTime],[TypeId]) VALUES (3652, 11, N'iconfont-yusan.png', N'/Storage/template/20150826/6357619852389152507237612.png', 2819, CAST(0x0000A50000F9972F AS DateTime), CAST(0x0000A50000F9972F AS DateTime),1)
INSERT [dbo].[Hishop_PhotoGallery] ([PhotoId], [CategoryId], [PhotoName], [PhotoPath], [FileSize], [UploadTime], [LastUpdateTime],[TypeId]) VALUES (3653, 11, N'iconfont-zhaoxiangji.png', N'/Storage/template/20150826/6357619852397452983507600.png', 2195, CAST(0x0000A50000F99749 AS DateTime), CAST(0x0000A50000F99749 AS DateTime),1)
INSERT [dbo].[Hishop_PhotoGallery] ([PhotoId], [CategoryId], [PhotoName], [PhotoPath], [FileSize], [UploadTime], [LastUpdateTime],[TypeId]) VALUES (3654, 11, N'iconfont-zixingche.png', N'/Storage/template/20150826/6357619852409553673006833.png', 3365, CAST(0x0000A50000F9976D AS DateTime), CAST(0x0000A50000F9976D AS DateTime),1)
INSERT [dbo].[Hishop_PhotoGallery] ([PhotoId], [CategoryId], [PhotoName], [PhotoPath], [FileSize], [UploadTime], [LastUpdateTime],[TypeId]) VALUES (3655, 12, N'iconfont-canyin.png', N'/Storage/template/20150826/6357619855166072594592732.png', 2563, CAST(0x0000A50000F9B7BA AS DateTime), CAST(0x0000A50000F9B7BA AS DateTime),1)
INSERT [dbo].[Hishop_PhotoGallery] ([PhotoId], [CategoryId], [PhotoName], [PhotoPath], [FileSize], [UploadTime], [LastUpdateTime],[TypeId]) VALUES (3656, 12, N'iconfont-hanbao.png', N'/Storage/template/20150826/6357619855171672918106057.png', 1932, CAST(0x0000A50000F9B7CB AS DateTime), CAST(0x0000A50000F9B7CB AS DateTime),1)
INSERT [dbo].[Hishop_PhotoGallery] ([PhotoId], [CategoryId], [PhotoName], [PhotoPath], [FileSize], [UploadTime], [LastUpdateTime],[TypeId]) VALUES (3657, 12, N'iconfont-jujia.png', N'/Storage/template/20150826/6357619855179753115848627.png', 18658, CAST(0x0000A50000F9B7E3 AS DateTime), CAST(0x0000A50000F9B7E3 AS DateTime),1)
GO
print 'Processed 400 total records'
INSERT [dbo].[Hishop_PhotoGallery] ([PhotoId], [CategoryId], [PhotoName], [PhotoPath], [FileSize], [UploadTime], [LastUpdateTime],[TypeId]) VALUES (3658, 12, N'iconfont-lingshi.png', N'/Storage/template/20150826/6357619855185553445063781.png', 3238, CAST(0x0000A50000F9B7F5 AS DateTime), CAST(0x0000A50000F9B7F5 AS DateTime),1)
INSERT [dbo].[Hishop_PhotoGallery] ([PhotoId], [CategoryId], [PhotoName], [PhotoPath], [FileSize], [UploadTime], [LastUpdateTime],[TypeId]) VALUES (3659, 12, N'iconfont-rest.png', N'/Storage/template/20150826/6357619855196573904563014.png', 2869, CAST(0x0000A50000F9B816 AS DateTime), CAST(0x0000A50000F9B816 AS DateTime),1)
INSERT [dbo].[Hishop_PhotoGallery] ([PhotoId], [CategoryId], [PhotoName], [PhotoPath], [FileSize], [UploadTime], [LastUpdateTime],[TypeId]) VALUES (3660, 12, N'iconfont-shengxianshuiguo.png', N'/Storage/template/20150826/6357619855203174288076339.png', 1990, CAST(0x0000A50000F9B82A AS DateTime), CAST(0x0000A50000F9B82A AS DateTime),1)
INSERT [dbo].[Hishop_PhotoGallery] ([PhotoId], [CategoryId], [PhotoName], [PhotoPath], [FileSize], [UploadTime], [LastUpdateTime],[TypeId]) VALUES (3661, 12, N'iconfont-shipin.png', N'/Storage/template/20150826/6357619855210394525818910.png', 24900, CAST(0x0000A50000F9B83F AS DateTime), CAST(0x0000A50000F9B83F AS DateTime),1)
INSERT [dbo].[Hishop_PhotoGallery] ([PhotoId], [CategoryId], [PhotoName], [PhotoPath], [FileSize], [UploadTime], [LastUpdateTime],[TypeId]) VALUES (3662, 12, N'iconfont-shipinyinliao.png', N'/Storage/template/20150826/6357619855218394983561480.png', 1329, CAST(0x0000A50000F9B857 AS DateTime), CAST(0x0000A50000F9B857 AS DateTime),1)
INSERT [dbo].[Hishop_PhotoGallery] ([PhotoId], [CategoryId], [PhotoName], [PhotoPath], [FileSize], [UploadTime], [LastUpdateTime],[TypeId]) VALUES (3663, 12, N'iconfont-tianmaochaoshilingshi.png', N'/Storage/template/20150826/6357619855228275284533296.png', 1877, CAST(0x0000A50000F9B875 AS DateTime), CAST(0x0000A50000F9B875 AS DateTime),1)
INSERT [dbo].[Hishop_PhotoGallery] ([PhotoId], [CategoryId], [PhotoName], [PhotoPath], [FileSize], [UploadTime], [LastUpdateTime],[TypeId]) VALUES (3664, 13, N'iconfont-alipay.png', N'/Storage/template/20150826/6357619857202555147931065.png', 2319, CAST(0x0000A50000F9CF98 AS DateTime), CAST(0x0000A50000F9CF98 AS DateTime),1)
INSERT [dbo].[Hishop_PhotoGallery] ([PhotoId], [CategoryId], [PhotoName], [PhotoPath], [FileSize], [UploadTime], [LastUpdateTime],[TypeId]) VALUES (3665, 13, N'iconfont-hui.png', N'/Storage/template/20150826/6357619857210455605673636.png', 2154, CAST(0x0000A50000F9CFAF AS DateTime), CAST(0x0000A50000F9CFAF AS DateTime),1)
INSERT [dbo].[Hishop_PhotoGallery] ([PhotoId], [CategoryId], [PhotoName], [PhotoPath], [FileSize], [UploadTime], [LastUpdateTime],[TypeId]) VALUES (3666, 13, N'iconfont-jian.png', N'/Storage/template/20150826/6357619857218656063416206.png', 2927, CAST(0x0000A50000F9CFC8 AS DateTime), CAST(0x0000A50000F9CFC8 AS DateTime),1)
INSERT [dbo].[Hishop_PhotoGallery] ([PhotoId], [CategoryId], [PhotoName], [PhotoPath], [FileSize], [UploadTime], [LastUpdateTime],[TypeId]) VALUES (3667, 13, N'iconfont-juan.png', N'/Storage/template/20150826/6357619857228236354388022.png', 1450, CAST(0x0000A50000F9CFE5 AS DateTime), CAST(0x0000A50000F9CFE5 AS DateTime),1)
INSERT [dbo].[Hishop_PhotoGallery] ([PhotoId], [CategoryId], [PhotoName], [PhotoPath], [FileSize], [UploadTime], [LastUpdateTime],[TypeId]) VALUES (3668, 13, N'iconfont-juhuasuan.png', N'/Storage/template/20150826/6357619857235136752130593.png', 3473, CAST(0x0000A50000F9CFFA AS DateTime), CAST(0x0000A50000F9CFFA AS DateTime),1)
INSERT [dbo].[Hishop_PhotoGallery] ([PhotoId], [CategoryId], [PhotoName], [PhotoPath], [FileSize], [UploadTime], [LastUpdateTime],[TypeId]) VALUES (3669, 13, N'iconfont-nianhuo.png', N'/Storage/template/20150826/6357619857244817043102409.png', 3593, CAST(0x0000A50000F9D016 AS DateTime), CAST(0x0000A50000F9D016 AS DateTime),1)
INSERT [dbo].[Hishop_PhotoGallery] ([PhotoId], [CategoryId], [PhotoName], [PhotoPath], [FileSize], [UploadTime], [LastUpdateTime],[TypeId]) VALUES (3670, 13, N'iconfont-pin2.png', N'/Storage/template/20150826/6357619857251717446615734.png', 1996, CAST(0x0000A50000F9D02B AS DateTime), CAST(0x0000A50000F9D02B AS DateTime),1)
INSERT [dbo].[Hishop_PhotoGallery] ([PhotoId], [CategoryId], [PhotoName], [PhotoPath], [FileSize], [UploadTime], [LastUpdateTime],[TypeId]) VALUES (3671, 13, N'iconfont-qian2.png', N'/Storage/template/20150826/6357619857261797756114967.png', 3689, CAST(0x0000A50000F9D049 AS DateTime), CAST(0x0000A50000F9D049 AS DateTime),1)
INSERT [dbo].[Hishop_PhotoGallery] ([PhotoId], [CategoryId], [PhotoName], [PhotoPath], [FileSize], [UploadTime], [LastUpdateTime],[TypeId]) VALUES (3672, 13, N'iconfont-qianli.png', N'/Storage/template/20150826/6357619857270098233857538.png', 3196, CAST(0x0000A50000F9D063 AS DateTime), CAST(0x0000A50000F9D063 AS DateTime),1)
INSERT [dbo].[Hishop_PhotoGallery] ([PhotoId], [CategoryId], [PhotoName], [PhotoPath], [FileSize], [UploadTime], [LastUpdateTime],[TypeId]) VALUES (3673, 13, N'iconfont-re2.png', N'/Storage/template/20150826/6357619857277418471600108.png', 3152, CAST(0x0000A50000F9D078 AS DateTime), CAST(0x0000A50000F9D078 AS DateTime),1)
INSERT [dbo].[Hishop_PhotoGallery] ([PhotoId], [CategoryId], [PhotoName], [PhotoPath], [FileSize], [UploadTime], [LastUpdateTime],[TypeId]) VALUES (3674, 13, N'iconfont-tao.png', N'/Storage/template/20150826/6357619857284418879815261.png', 3404, CAST(0x0000A50000F9D08D AS DateTime), CAST(0x0000A50000F9D08D AS DateTime),1)
INSERT [dbo].[Hishop_PhotoGallery] ([PhotoId], [CategoryId], [PhotoName], [PhotoPath], [FileSize], [UploadTime], [LastUpdateTime],[TypeId]) VALUES (3675, 13, N'iconfont-tian.png', N'/Storage/template/20150826/6357619857295619089314495.png', 2055, CAST(0x0000A50000F9D0AF AS DateTime), CAST(0x0000A50000F9D0AF AS DateTime),1)
INSERT [dbo].[Hishop_PhotoGallery] ([PhotoId], [CategoryId], [PhotoName], [PhotoPath], [FileSize], [UploadTime], [LastUpdateTime],[TypeId]) VALUES (3676, 13, N'iconfont-xiaoyuanyiqiatong.png', N'/Storage/template/20150826/6357619857301839273827820.png', 2682, CAST(0x0000A50000F9D0C2 AS DateTime), CAST(0x0000A50000F9D0C2 AS DateTime),1)
INSERT [dbo].[Hishop_PhotoGallery] ([PhotoId], [CategoryId], [PhotoName], [PhotoPath], [FileSize], [UploadTime], [LastUpdateTime],[TypeId]) VALUES (3677, 13, N'iconfont-xin2.png', N'/Storage/template/20150826/6357619857309119421570391.png', 2647, CAST(0x0000A50000F9D0D7 AS DateTime), CAST(0x0000A50000F9D0D7 AS DateTime),1)
INSERT [dbo].[Hishop_PhotoGallery] ([PhotoId], [CategoryId], [PhotoName], [PhotoPath], [FileSize], [UploadTime], [LastUpdateTime],[TypeId]) VALUES (3678, 13, N'iconfont-xing2.png', N'/Storage/template/20150826/6357619857313379586556298.png', 2356, CAST(0x0000A50000F9D0E4 AS DateTime), CAST(0x0000A50000F9D0E4 AS DateTime),1)
INSERT [dbo].[Hishop_PhotoGallery] ([PhotoId], [CategoryId], [PhotoName], [PhotoPath], [FileSize], [UploadTime], [LastUpdateTime],[TypeId]) VALUES (3679, 13, N'iconfont-xingye.png', N'/Storage/template/20150826/6357619857320279971069624.png', 1886, CAST(0x0000A50000F9D0F9 AS DateTime), CAST(0x0000A50000F9D0F9 AS DateTime),1)
INSERT [dbo].[Hishop_PhotoGallery] ([PhotoId], [CategoryId], [PhotoName], [PhotoPath], [FileSize], [UploadTime], [LastUpdateTime],[TypeId]) VALUES (3680, 13, N'iconfont-yi.png', N'/Storage/template/20150826/6357619857326500169284777.png', 3035, CAST(0x0000A50000F9D10C AS DateTime), CAST(0x0000A50000F9D10C AS DateTime),1)
INSERT [dbo].[Hishop_PhotoGallery] ([PhotoId], [CategoryId], [PhotoName], [PhotoPath], [FileSize], [UploadTime], [LastUpdateTime],[TypeId]) VALUES (3681, 13, N'iconfont-yi2.png', N'/Storage/template/20150826/6357619857334180347027347.png', 1731, CAST(0x0000A50000F9D123 AS DateTime), CAST(0x0000A50000F9D123 AS DateTime),1)
INSERT [dbo].[Hishop_PhotoGallery] ([PhotoId], [CategoryId], [PhotoName], [PhotoPath], [FileSize], [UploadTime], [LastUpdateTime],[TypeId]) VALUES (3682, 13, N'iconfont-you2.png', N'/Storage/template/20150826/6357619857338340493013255.png', 2662, CAST(0x0000A50000F9D12F AS DateTime), CAST(0x0000A50000F9D12F AS DateTime),1)
INSERT [dbo].[Hishop_PhotoGallery] ([PhotoId], [CategoryId], [PhotoName], [PhotoPath], [FileSize], [UploadTime], [LastUpdateTime],[TypeId]) VALUES (3683, 13, N'iconfont-youzhi.png', N'/Storage/template/20150826/6357619857342440724769918.png', 2206, CAST(0x0000A50000F9D13B AS DateTime), CAST(0x0000A50000F9D13B AS DateTime),1)
INSERT [dbo].[Hishop_PhotoGallery] ([PhotoId], [CategoryId], [PhotoName], [PhotoPath], [FileSize], [UploadTime], [LastUpdateTime],[TypeId]) VALUES (3684, 13, N'iconfont-zeng.png', N'/Storage/template/20150826/6357619857345140886526581.png', 2380, CAST(0x0000A50000F9D143 AS DateTime), CAST(0x0000A50000F9D143 AS DateTime),1)
SET IDENTITY_INSERT [dbo].[Hishop_PhotoGallery] OFF

/****** Object:  Table [dbo].[VShop_NavMenu]    Script Date: 09/20/2015 11:40:38 ******/
 SET IDENTITY_INSERT [dbo].[VShop_NavMenu] ON
INSERT [dbo].[VShop_NavMenu] ( MenuId,[ParentMenuId], [Name], [Type], [DisplaySequence], [Content], [ShopMenuPic]) VALUES ( 1,0, N'店铺主页', N'click', 0, N'/Default.aspx', N'/Storage/master/ShopMenu/e6b2c1471abe42b5ae4046d8072df383.png')
INSERT [dbo].[VShop_NavMenu] ( MenuId,[ParentMenuId], [Name], [Type], [DisplaySequence], [Content], [ShopMenuPic]) VALUES ( 2,0, N'购物车', N'click', 0, N'/Vshop/ShoppingCart.aspx', N'/Storage/master/ShopMenu/b6b6f69513414e03be3f601e19999616.png')
INSERT [dbo].[VShop_NavMenu] ( MenuId,[ParentMenuId], [Name], [Type], [DisplaySequence], [Content], [ShopMenuPic]) VALUES ( 3,0, N'会员中心', N'click', 0, N'/Vshop/MemberCenter.aspx', N'/Storage/master/ShopMenu/29f95ea3bdf448d6a3b831ed7f07dfcb.png')
INSERT [dbo].[VShop_NavMenu] ( MenuId,[ParentMenuId], [Name], [Type], [DisplaySequence], [Content], [ShopMenuPic]) VALUES ( 4,0, N'申请分销', N'click', 0, N'/Vshop/DistributorRegCheck.aspx', N'/Storage/master/ShopMenu/9ba47df3d58f4b40808ad029ee7f881e.png')
 SET IDENTITY_INSERT [dbo].[VShop_NavMenu] OFF



 SET IDENTITY_INSERT [dbo].[Hishop_MessageTemplatesDetail] ON
 INSERT [dbo].[Hishop_MessageTemplatesDetail] ([AutoID], [MessageType], [DetailType], [DetailName], [AllowToAdmin], [AllowToDistributor], [AllowToMember], [IsSelectedByDistributor], [IsSelectedByMember]) VALUES (1, N'OrderMsg', N'OrderCreate', N'新订单提醒', 1, 1, 0, 1, NULL)
INSERT [dbo].[Hishop_MessageTemplatesDetail] ([AutoID], [MessageType], [DetailType], [DetailName], [AllowToAdmin], [AllowToDistributor], [AllowToMember], [IsSelectedByDistributor], [IsSelectedByMember]) VALUES (2, N'OrderMsg', N'OrderPay', N'订单付款提醒', 1, 1, 0, 1, NULL)
INSERT [dbo].[Hishop_MessageTemplatesDetail] ([AutoID], [MessageType], [DetailType], [DetailName], [AllowToAdmin], [AllowToDistributor], [AllowToMember], [IsSelectedByDistributor], [IsSelectedByMember]) VALUES (3, N'ServiceMsg', N'ServiceRequest', N'售后申请提醒', 1, 0, 0, NULL, NULL)
INSERT [dbo].[Hishop_MessageTemplatesDetail] ([AutoID], [MessageType], [DetailType], [DetailName], [AllowToAdmin], [AllowToDistributor], [AllowToMember], [IsSelectedByDistributor], [IsSelectedByMember]) VALUES (4, N'ServiceMsg', N'DrawCashRequest', N'提现申请提醒', 1, 0, 0, NULL, NULL)
INSERT [dbo].[Hishop_MessageTemplatesDetail] ([AutoID], [MessageType], [DetailType], [DetailName], [AllowToAdmin], [AllowToDistributor], [AllowToMember], [IsSelectedByDistributor], [IsSelectedByMember]) VALUES (5, N'ServiceMsg', N'ProductAsk', N'商品咨询提醒', 1, 0, 0, NULL, NULL)
INSERT [dbo].[Hishop_MessageTemplatesDetail] ([AutoID], [MessageType], [DetailType], [DetailName], [AllowToAdmin], [AllowToDistributor], [AllowToMember], [IsSelectedByDistributor], [IsSelectedByMember]) VALUES (6, N'DistributorCreateMsg', N'DistributorCreate', N'新分销商加入提醒', 1, 0, 0, NULL, NULL)
INSERT [dbo].[Hishop_MessageTemplatesDetail] ([AutoID], [MessageType], [DetailType], [DetailName], [AllowToAdmin], [AllowToDistributor], [AllowToMember], [IsSelectedByDistributor], [IsSelectedByMember]) VALUES (7, N'OrderMsg', N'OrderGetCommission', N'订单成功获得佣金提醒', 0, 1, 0, 1, NULL)
INSERT [dbo].[Hishop_MessageTemplatesDetail] ([AutoID], [MessageType], [DetailType], [DetailName], [AllowToAdmin], [AllowToDistributor], [AllowToMember], [IsSelectedByDistributor], [IsSelectedByMember]) VALUES (8, N'ServiceMsg', N'ProductCreate', N'新品上架提醒', 0, 0, 0, 0, NULL)
INSERT [dbo].[Hishop_MessageTemplatesDetail] ([AutoID], [MessageType], [DetailType], [DetailName], [AllowToAdmin], [AllowToDistributor], [AllowToMember], [IsSelectedByDistributor], [IsSelectedByMember]) VALUES (9, N'AccountChangeMsg', N'PasswordReset', N'密码重置提醒', 0, 1, 1, 1, 1)
INSERT [dbo].[Hishop_MessageTemplatesDetail] ([AutoID], [MessageType], [DetailType], [DetailName], [AllowToAdmin], [AllowToDistributor], [AllowToMember], [IsSelectedByDistributor], [IsSelectedByMember]) VALUES (10, N'AccountChangeMsg', N'DistributorGradeChange', N'分销等级变化提醒', 0, 1, 0, 1, NULL)
INSERT [dbo].[Hishop_MessageTemplatesDetail] ([AutoID], [MessageType], [DetailType], [DetailName], [AllowToAdmin], [AllowToDistributor], [AllowToMember], [IsSelectedByDistributor], [IsSelectedByMember]) VALUES (11, N'DrawCashResultMsg', N'DrawCashRelease', N'提现发放提醒', 0, 1, 0, 1, NULL)
INSERT [dbo].[Hishop_MessageTemplatesDetail] ([AutoID], [MessageType], [DetailType], [DetailName], [AllowToAdmin], [AllowToDistributor], [AllowToMember], [IsSelectedByDistributor], [IsSelectedByMember]) VALUES (12, N'DrawCashResultMsg', N'DrawCashReject', N'提现驳回提醒', 0, 1, 0, 1, NULL)
INSERT [dbo].[Hishop_MessageTemplatesDetail] ([AutoID], [MessageType], [DetailType], [DetailName], [AllowToAdmin], [AllowToDistributor], [AllowToMember], [IsSelectedByDistributor], [IsSelectedByMember]) VALUES (13, N'AccountChangeMsg', N'AccountLock', N'冻结提醒', 0, 1, 0, 1, NULL)
INSERT [dbo].[Hishop_MessageTemplatesDetail] ([AutoID], [MessageType], [DetailType], [DetailName], [AllowToAdmin], [AllowToDistributor], [AllowToMember], [IsSelectedByDistributor], [IsSelectedByMember]) VALUES (15, N'AccountChangeMsg', N'DistributorCancel', N'取消分销资质提醒', 0, 1, 0, 1, NULL)
INSERT [dbo].[Hishop_MessageTemplatesDetail] ([AutoID], [MessageType], [DetailType], [DetailName], [AllowToAdmin], [AllowToDistributor], [AllowToMember], [IsSelectedByDistributor], [IsSelectedByMember]) VALUES (16, N'OrderMsg', N'OrderDeliver', N'订单发货提醒', 0, 0, 1, NULL, 1)
INSERT [dbo].[Hishop_MessageTemplatesDetail] ([AutoID], [MessageType], [DetailType], [DetailName], [AllowToAdmin], [AllowToDistributor], [AllowToMember], [IsSelectedByDistributor], [IsSelectedByMember]) VALUES (17, N'AccountChangeMsg', N'MemberGradeChange', N'会员等级变化提醒', 0, 0, 1, NULL, 1)
INSERT [dbo].[Hishop_MessageTemplatesDetail] ([AutoID], [MessageType], [DetailType], [DetailName], [AllowToAdmin], [AllowToDistributor], [AllowToMember], [IsSelectedByDistributor], [IsSelectedByMember]) VALUES (18, N'CouponWillExpiredMsg', N'CouponWillExpired', N'优惠券即将到期提醒', 0, 0, 0, NULL, 0)
INSERT [dbo].[Hishop_MessageTemplatesDetail] ([AutoID], [MessageType], [DetailType], [DetailName], [AllowToAdmin], [AllowToDistributor], [AllowToMember], [IsSelectedByDistributor], [IsSelectedByMember]) VALUES (19, N'OrderMsg', N'OrderGetPoint', N'订单成功获得积分提醒', 0, 0, 1, NULL, 1)
INSERT [dbo].[Hishop_MessageTemplatesDetail] ([AutoID], [MessageType], [DetailType], [DetailName], [AllowToAdmin], [AllowToDistributor], [AllowToMember], [IsSelectedByDistributor], [IsSelectedByMember]) VALUES (20, N'OrderMsg', N'OrderGetCoupon', N'订单成功获得优惠券提醒', 0, 0, 1, NULL, 1)
INSERT [dbo].[Hishop_MessageTemplatesDetail] ([AutoID], [MessageType], [DetailType], [DetailName], [AllowToAdmin], [AllowToDistributor], [AllowToMember], [IsSelectedByDistributor], [IsSelectedByMember]) VALUES (21, N'RefundSuccessMsg', N'RefundSuccess', N'退款成功提醒', 0, 0, 1, NULL, 1)
INSERT [dbo].[Hishop_MessageTemplatesDetail] ([AutoID], [MessageType], [DetailType], [DetailName], [AllowToAdmin], [AllowToDistributor], [AllowToMember], [IsSelectedByDistributor], [IsSelectedByMember]) VALUES (22, N'PersonalMsg', N'PrizeRelease', N'奖品发放提醒', 0, 0, 1, NULL, 1)
INSERT [dbo].[Hishop_MessageTemplatesDetail] ([AutoID], [MessageType], [DetailType], [DetailName], [AllowToAdmin], [AllowToDistributor], [AllowToMember], [IsSelectedByDistributor], [IsSelectedByMember]) VALUES (14, N'AccountChangeMsg', N'AccountUnLock', N'解冻提醒', 0, 1, 0, 1, 1)


go
SET IDENTITY_INSERT [dbo].[Hishop_MessageTemplatesDetail] OFF
go


delete from [Hishop_MessageTemplates]
INSERT [dbo].[Hishop_MessageTemplates] ([IsValid], [OrderIndex], [WXOpenTM], [MessageType], [Name], [SendEmail], [SendSMS], [SendInnerMessage], [SendWeixin], [WeixinTemplateId], [TagDescription], [EmailSubject], [EmailBody], [InnerMessageSubject], [InnerMessageBody], [SMSBody]) VALUES (1, 21, N'TM00370', N'AccountChangeMsg', N'账户变更提醒', 0, 0, 0, 1, N'', N'', N'', N'', N'', N'', N'')
INSERT [dbo].[Hishop_MessageTemplates] ([IsValid], [OrderIndex], [WXOpenTM], [MessageType], [Name], [SendEmail], [SendSMS], [SendInnerMessage], [SendWeixin], [WeixinTemplateId], [TagDescription], [EmailSubject], [EmailBody], [InnerMessageSubject], [InnerMessageBody], [SMSBody]) VALUES (0, 6, N'TM00853', N'CouponWillExpiredMsg', N'优惠券即将到期', 0, 0, 0, 1, N'', N'', N'', N'', N'', N'', N'')
INSERT [dbo].[Hishop_MessageTemplates] ([IsValid], [OrderIndex], [WXOpenTM], [MessageType], [Name], [SendEmail], [SendSMS], [SendInnerMessage], [SendWeixin], [WeixinTemplateId], [TagDescription], [EmailSubject], [EmailBody], [InnerMessageSubject], [InnerMessageBody], [SMSBody]) VALUES (1, 3, N'OPENTM207126233', N'DistributorCreateMsg', N'分销商申请成功提醒', 0, 0, 0, 1, N'', N'', N'', N'', N'', N'', N'')
INSERT [dbo].[Hishop_MessageTemplates] ([IsValid], [OrderIndex], [WXOpenTM], [MessageType], [Name], [SendEmail], [SendSMS], [SendInnerMessage], [SendWeixin], [WeixinTemplateId], [TagDescription], [EmailSubject], [EmailBody], [InnerMessageSubject], [InnerMessageBody], [SMSBody]) VALUES (1, 5, N'OPENTM207601150', N'DrawCashResultMsg', N'提现结果提醒', 0, 0, 0, 1, N'', N'', N'', N'', N'', N'', N'')
INSERT [dbo].[Hishop_MessageTemplates] ([IsValid], [OrderIndex], [WXOpenTM], [MessageType], [Name], [SendEmail], [SendSMS], [SendInnerMessage], [SendWeixin], [WeixinTemplateId], [TagDescription], [EmailSubject], [EmailBody], [InnerMessageSubject], [InnerMessageBody], [SMSBody]) VALUES (1, 1, N'OPENTM205109409', N'OrderMsg', N'订单消息提醒', 0, 0, 0, 1, N'', N'', N'', N'', N'', N'', N'')
INSERT [dbo].[Hishop_MessageTemplates] ([IsValid], [OrderIndex], [WXOpenTM], [MessageType], [Name], [SendEmail], [SendSMS], [SendInnerMessage], [SendWeixin], [WeixinTemplateId], [TagDescription], [EmailSubject], [EmailBody], [InnerMessageSubject], [InnerMessageBody], [SMSBody]) VALUES (1, 22, N'OPENTM207372725', N'PersonalMsg', N'个人消息通知', 0, 0, 0, 1, N'', N'', N'', N'', N'', N'', N'')
INSERT [dbo].[Hishop_MessageTemplates] ([IsValid], [OrderIndex], [WXOpenTM], [MessageType], [Name], [SendEmail], [SendSMS], [SendInnerMessage], [SendWeixin], [WeixinTemplateId], [TagDescription], [EmailSubject], [EmailBody], [InnerMessageSubject], [InnerMessageBody], [SMSBody]) VALUES (1, 2, N'TM00599', N'RefundSuccessMsg', N'退款通知', 0, 0, 0, 1, N'', N'', N'', N'', N'', N'', N'')
INSERT [dbo].[Hishop_MessageTemplates] ([IsValid], [OrderIndex], [WXOpenTM], [MessageType], [Name], [SendEmail], [SendSMS], [SendInnerMessage], [SendWeixin], [WeixinTemplateId], [TagDescription], [EmailSubject], [EmailBody], [InnerMessageSubject], [InnerMessageBody], [SMSBody]) VALUES (1, 4, N'OPENTM207572068', N'ServiceMsg', N'服务消息通知', 0, 0, 0, 1, N'', N'', N'', N'', N'', N'', N'')


SET IDENTITY_INSERT [Hishop_AliFuWuMessageTemplatesDetail] ON
INSERT [Hishop_AliFuWuMessageTemplatesDetail] ([AutoID], [MessageType], [DetailType], [DetailName], [AllowToAdmin], [AllowToDistributor], [AllowToMember], [IsSelectedByDistributor], [IsSelectedByMember]) VALUES (1, N'OrderMsg', N'OrderCreate', N'新订单提醒', 1, 1, 0, 1, 0)
INSERT [Hishop_AliFuWuMessageTemplatesDetail] ([AutoID], [MessageType], [DetailType], [DetailName], [AllowToAdmin], [AllowToDistributor], [AllowToMember], [IsSelectedByDistributor], [IsSelectedByMember]) VALUES (2, N'OrderMsg', N'OrderPay', N'订单付款提醒', 1, 1, 0, 1, 0)
INSERT [Hishop_AliFuWuMessageTemplatesDetail] ([AutoID], [MessageType], [DetailType], [DetailName], [AllowToAdmin], [AllowToDistributor], [AllowToMember], [IsSelectedByDistributor], [IsSelectedByMember]) VALUES (3, N'PersonalMsg', N'ServiceRequest', N'售后申请提醒', 1, 0, 0, 1, 0)
INSERT [Hishop_AliFuWuMessageTemplatesDetail] ([AutoID], [MessageType], [DetailType], [DetailName], [AllowToAdmin], [AllowToDistributor], [AllowToMember], [IsSelectedByDistributor], [IsSelectedByMember]) VALUES (4, N'PersonalMsg', N'DrawCashRequest', N'提现申请提醒', 1, 0, 0, 1, 0)
INSERT [Hishop_AliFuWuMessageTemplatesDetail] ([AutoID], [MessageType], [DetailType], [DetailName], [AllowToAdmin], [AllowToDistributor], [AllowToMember], [IsSelectedByDistributor], [IsSelectedByMember]) VALUES (5, N'PersonalMsg', N'ProductAsk', N'商品咨询提醒', 1, 0, 0, 1, 0)
INSERT [Hishop_AliFuWuMessageTemplatesDetail] ([AutoID], [MessageType], [DetailType], [DetailName], [AllowToAdmin], [AllowToDistributor], [AllowToMember], [IsSelectedByDistributor], [IsSelectedByMember]) VALUES (6, N'PersonalMsg', N'DistributorCreate', N'新分销商加入提醒', 1, 0, 0, 1, 0)
INSERT [Hishop_AliFuWuMessageTemplatesDetail] ([AutoID], [MessageType], [DetailType], [DetailName], [AllowToAdmin], [AllowToDistributor], [AllowToMember], [IsSelectedByDistributor], [IsSelectedByMember]) VALUES (7, N'OrderMsg', N'OrderGetCommission', N'订单成功获得佣金提醒', 0, 1, 0, 1, 0)
INSERT [Hishop_AliFuWuMessageTemplatesDetail] ([AutoID], [MessageType], [DetailType], [DetailName], [AllowToAdmin], [AllowToDistributor], [AllowToMember], [IsSelectedByDistributor], [IsSelectedByMember]) VALUES (8, N'PersonalMsg', N'ProductCreate', N'新品上架提醒', 0, 0, 0, 0, 0)
INSERT [Hishop_AliFuWuMessageTemplatesDetail] ([AutoID], [MessageType], [DetailType], [DetailName], [AllowToAdmin], [AllowToDistributor], [AllowToMember], [IsSelectedByDistributor], [IsSelectedByMember]) VALUES (9, N'PersonalMsg', N'PasswordReset', N'密码重置提醒', 0, 1, 1, 1, 1)
INSERT [Hishop_AliFuWuMessageTemplatesDetail] ([AutoID], [MessageType], [DetailType], [DetailName], [AllowToAdmin], [AllowToDistributor], [AllowToMember], [IsSelectedByDistributor], [IsSelectedByMember]) VALUES (10, N'PersonalMsg', N'DistributorGradeChange', N'分销等级变化提醒', 0, 1, 0, 1, 0)
INSERT [Hishop_AliFuWuMessageTemplatesDetail] ([AutoID], [MessageType], [DetailType], [DetailName], [AllowToAdmin], [AllowToDistributor], [AllowToMember], [IsSelectedByDistributor], [IsSelectedByMember]) VALUES (11, N'PersonalMsg', N'DrawCashRelease', N'提现发放提醒', 0, 1, 0, 1, 0)
INSERT [Hishop_AliFuWuMessageTemplatesDetail] ([AutoID], [MessageType], [DetailType], [DetailName], [AllowToAdmin], [AllowToDistributor], [AllowToMember], [IsSelectedByDistributor], [IsSelectedByMember]) VALUES (12, N'PersonalMsg', N'DrawCashReject', N'提现驳回提醒', 0, 1, 0, 1, 0)
INSERT [Hishop_AliFuWuMessageTemplatesDetail] ([AutoID], [MessageType], [DetailType], [DetailName], [AllowToAdmin], [AllowToDistributor], [AllowToMember], [IsSelectedByDistributor], [IsSelectedByMember]) VALUES (13, N'PersonalMsg', N'AccountLock', N'冻结提醒', 0, 1, 0, 1, 0)
INSERT [Hishop_AliFuWuMessageTemplatesDetail] ([AutoID], [MessageType], [DetailType], [DetailName], [AllowToAdmin], [AllowToDistributor], [AllowToMember], [IsSelectedByDistributor], [IsSelectedByMember]) VALUES (14, N'PersonalMsg', N'DistributorCancel', N'取消分销资质提醒', 0, 1, 0, 1, 0)
INSERT [Hishop_AliFuWuMessageTemplatesDetail] ([AutoID], [MessageType], [DetailType], [DetailName], [AllowToAdmin], [AllowToDistributor], [AllowToMember], [IsSelectedByDistributor], [IsSelectedByMember]) VALUES (15, N'OrderMsg', N'OrderDeliver', N'订单发货提醒', 0, 0, 1, 1, 1)
INSERT [Hishop_AliFuWuMessageTemplatesDetail] ([AutoID], [MessageType], [DetailType], [DetailName], [AllowToAdmin], [AllowToDistributor], [AllowToMember], [IsSelectedByDistributor], [IsSelectedByMember]) VALUES (16, N'PersonalMsg', N'MemberGradeChange', N'会员等级变化提醒', 0, 0, 1, 1, 1)
INSERT [Hishop_AliFuWuMessageTemplatesDetail] ([AutoID], [MessageType], [DetailType], [DetailName], [AllowToAdmin], [AllowToDistributor], [AllowToMember], [IsSelectedByDistributor], [IsSelectedByMember]) VALUES (17, N'PersonalMsg', N'CouponWillExpired', N'优惠券即将到期提醒', 0, 0, 0, 1, 0)
INSERT [Hishop_AliFuWuMessageTemplatesDetail] ([AutoID], [MessageType], [DetailType], [DetailName], [AllowToAdmin], [AllowToDistributor], [AllowToMember], [IsSelectedByDistributor], [IsSelectedByMember]) VALUES (18, N'OrderMsg', N'OrderGetPoint', N'订单成功获得积分提醒', 0, 0, 1, 1, 1)
INSERT [Hishop_AliFuWuMessageTemplatesDetail] ([AutoID], [MessageType], [DetailType], [DetailName], [AllowToAdmin], [AllowToDistributor], [AllowToMember], [IsSelectedByDistributor], [IsSelectedByMember]) VALUES (19, N'OrderMsg', N'OrderGetCoupon', N'订单成功获得优惠券提醒', 0, 0, 1, 1, 1)
INSERT [Hishop_AliFuWuMessageTemplatesDetail] ([AutoID], [MessageType], [DetailType], [DetailName], [AllowToAdmin], [AllowToDistributor], [AllowToMember], [IsSelectedByDistributor], [IsSelectedByMember]) VALUES (20, N'RefundSuccessMsg', N'RefundSuccess', N'退款成功提醒', 0, 0, 1, 1, 1)
INSERT [Hishop_AliFuWuMessageTemplatesDetail] ([AutoID], [MessageType], [DetailType], [DetailName], [AllowToAdmin], [AllowToDistributor], [AllowToMember], [IsSelectedByDistributor], [IsSelectedByMember]) VALUES (21, N'PersonalMsg', N'PrizeRelease', N'奖品发放提醒', 0, 0, 1, 1, 1)
INSERT [Hishop_AliFuWuMessageTemplatesDetail] ([AutoID], [MessageType], [DetailType], [DetailName], [AllowToAdmin], [AllowToDistributor], [AllowToMember], [IsSelectedByDistributor], [IsSelectedByMember]) VALUES (22, N'PersonalMsg', N'AccountUnLock', N'解冻提醒', 0, 1, 0, 1, 1)
SET IDENTITY_INSERT [Hishop_AliFuWuMessageTemplatesDetail] OFF
/****** Object:  Table [dbo].[Hishop_AliFuWuMessageTemplates]    Script Date: 11/11/2015 17:25:42 ******/
INSERT [Hishop_AliFuWuMessageTemplates] ([IsValid], [OrderIndex], [WXOpenTM], [MessageType], [Name], [SendEmail], [SendSMS], [SendInnerMessage], [SendWeixin], [WeixinTemplateId], [TagDescription], [EmailSubject], [EmailBody], [InnerMessageSubject], [InnerMessageBody], [SMSBody]) VALUES (0, 21, N'TM000000226', N'AccountChangeMsg', N'账户变更提醒', 0, 0, 0, 1, N'0e1347a4f8b84ec4a6870585501b9be0', N'', N'', N'', N'', N'', N'')
INSERT [Hishop_AliFuWuMessageTemplates] ([IsValid], [OrderIndex], [WXOpenTM], [MessageType], [Name], [SendEmail], [SendSMS], [SendInnerMessage], [SendWeixin], [WeixinTemplateId], [TagDescription], [EmailSubject], [EmailBody], [InnerMessageSubject], [InnerMessageBody], [SMSBody]) VALUES (0, 6, N'TM000000226', N'CouponWillExpiredMsg', N'优惠券即将到期', 0, 0, 0, 1, N'', N'', N'', N'', N'', N'', N'')
INSERT [Hishop_AliFuWuMessageTemplates] ([IsValid], [OrderIndex], [WXOpenTM], [MessageType], [Name], [SendEmail], [SendSMS], [SendInnerMessage], [SendWeixin], [WeixinTemplateId], [TagDescription], [EmailSubject], [EmailBody], [InnerMessageSubject], [InnerMessageBody], [SMSBody]) VALUES (0, 3, N'TM000000226', N'DistributorCreateMsg', N'分销商申请成功提醒', 0, 0, 0, 1, N'0e1347a4f8b84ec4a6870585501b9be0', N'', N'', N'', N'', N'', N'')
INSERT [Hishop_AliFuWuMessageTemplates] ([IsValid], [OrderIndex], [WXOpenTM], [MessageType], [Name], [SendEmail], [SendSMS], [SendInnerMessage], [SendWeixin], [WeixinTemplateId], [TagDescription], [EmailSubject], [EmailBody], [InnerMessageSubject], [InnerMessageBody], [SMSBody]) VALUES (0, 5, N'TM000000226', N'DrawCashResultMsg', N'提现结果提醒', 0, 0, 0, 1, N'0e1347a4f8b84ec4a6870585501b9be0', N'', N'', N'', N'', N'', N'')
INSERT [Hishop_AliFuWuMessageTemplates] ([IsValid], [OrderIndex], [WXOpenTM], [MessageType], [Name], [SendEmail], [SendSMS], [SendInnerMessage], [SendWeixin], [WeixinTemplateId], [TagDescription], [EmailSubject], [EmailBody], [InnerMessageSubject], [InnerMessageBody], [SMSBody]) VALUES (1, 1, N'TM000000300', N'OrderMsg', N'订单状态更新', 0, 0, 0, 1, N'5e21cc85436b48c693fd7816345d6a97', N'', N'', N'', N'', N'', N'')
INSERT [Hishop_AliFuWuMessageTemplates] ([IsValid], [OrderIndex], [WXOpenTM], [MessageType], [Name], [SendEmail], [SendSMS], [SendInnerMessage], [SendWeixin], [WeixinTemplateId], [TagDescription], [EmailSubject], [EmailBody], [InnerMessageSubject], [InnerMessageBody], [SMSBody]) VALUES (1, 22, N'TM000000226', N'PersonalMsg', N'通知消息', 0, 0, 0, 1, N'9e741ecf1d6844c886258004b220d950', N'', N'', N'', N'', N'', N'')
INSERT [Hishop_AliFuWuMessageTemplates] ([IsValid], [OrderIndex], [WXOpenTM], [MessageType], [Name], [SendEmail], [SendSMS], [SendInnerMessage], [SendWeixin], [WeixinTemplateId], [TagDescription], [EmailSubject], [EmailBody], [InnerMessageSubject], [InnerMessageBody], [SMSBody]) VALUES (1, 2, N'TM000000301', N'RefundSuccessMsg', N'退款申请通知', 0, 0, 0, 1, N'a96a69310f004cac8d0136ef0f0f1db7', N'', N'', N'', N'', N'', N'')
INSERT [Hishop_AliFuWuMessageTemplates] ([IsValid], [OrderIndex], [WXOpenTM], [MessageType], [Name], [SendEmail], [SendSMS], [SendInnerMessage], [SendWeixin], [WeixinTemplateId], [TagDescription], [EmailSubject], [EmailBody], [InnerMessageSubject], [InnerMessageBody], [SMSBody]) VALUES (0, 4, N'TM000000226', N'ServiceMsg', N'服务消息通知', 0, 0, 0, 1, N'0e1347a4f8b84ec4a6870585501b9be0', N'', N'', N'', N'', N'', N'')


delete from [Hishop_Tags]
INSERT [dbo].[Hishop_Tags] (TagName)values('新品')
INSERT [dbo].[Hishop_Tags] (TagName)values('热卖')

 